-- phpMyAdmin SQL Dump
-- version 5.2.1
-- https://www.phpmyadmin.net/
--
-- Host: localhost
-- Generation Time: Jan 06, 2025 at 04:38 AM
-- Server version: 10.4.28-MariaDB
-- PHP Version: 8.2.4

SET SQL_MODE = "NO_AUTO_VALUE_ON_ZERO";
START TRANSACTION;
SET time_zone = "+00:00";


/*!40101 SET @OLD_CHARACTER_SET_CLIENT=@@CHARACTER_SET_CLIENT */;
/*!40101 SET @OLD_CHARACTER_SET_RESULTS=@@CHARACTER_SET_RESULTS */;
/*!40101 SET @OLD_COLLATION_CONNECTION=@@COLLATION_CONNECTION */;
/*!40101 SET NAMES utf8mb4 */;

--
-- Database: `indoor_map`
--

-- --------------------------------------------------------

--
-- Table structure for table `employee_schedule`
--

CREATE TABLE `employee_schedule` (
  `schedule_id` int(11) NOT NULL,
  `name` varchar(100) NOT NULL,
  `department` varchar(100) DEFAULT NULL,
  `position` enum('teaching','non-teaching') NOT NULL
) ENGINE=InnoDB DEFAULT CHARSET=utf8mb4 COLLATE=utf8mb4_general_ci;

--
-- Dumping data for table `employee_schedule`
--

INSERT INTO `employee_schedule` (`schedule_id`, `name`, `department`, `position`) VALUES
(1, 'First Employee3', 'BSCS', 'teaching'),
(3, 'Second Employee', 'OAD', 'non-teaching'),
(4, 'Freelance', 'WEB DEV', 'non-teaching'),
(5, 'Test New Room', 'The Department of Tester', 'non-teaching'),
(6, 'Tester', 'English', 'teaching');

-- --------------------------------------------------------

--
-- Table structure for table `feedback`
--

CREATE TABLE `feedback` (
  `id` int(11) NOT NULL,
  `name` varchar(100) NOT NULL,
  `email` varchar(100) NOT NULL,
  `subject` varchar(150) NOT NULL,
  `message` text NOT NULL,
  `created_at` timestamp NOT NULL DEFAULT current_timestamp()
) ENGINE=InnoDB DEFAULT CHARSET=utf8mb4 COLLATE=utf8mb4_general_ci;

--
-- Dumping data for table `feedback`
--

INSERT INTO `feedback` (`id`, `name`, `email`, `subject`, `message`, `created_at`) VALUES
(2, 'Miguel Santola', 'jonathan@gmail.com', 'Love your system', 'Awesome, really helpful!', '2025-01-06 03:09:01');

-- --------------------------------------------------------

--
-- Table structure for table `navita`
--

CREATE TABLE `navita` (
  `navita_id` int(11) NOT NULL,
  `question` text NOT NULL,
  `answer` text DEFAULT NULL,
  `status` enum('pending','answered','rejected') DEFAULT 'pending',
  `date_created` timestamp NOT NULL DEFAULT current_timestamp(),
  `date_answered` timestamp NOT NULL DEFAULT '0000-00-00 00:00:00'
) ENGINE=InnoDB DEFAULT CHARSET=utf8mb4 COLLATE=utf8mb4_general_ci;

--
-- Dumping data for table `navita`
--

INSERT INTO `navita` (`navita_id`, `question`, `answer`, `status`, `date_created`, `date_answered`) VALUES
(1, 'What is the', 'Geh geh', 'answered', '2024-09-27 10:24:15', '2024-09-27 10:36:31'),
(2, 'nsadkj', 'sadjkf', 'answered', '2024-09-27 10:25:58', '2024-09-27 10:25:58'),
(3, 'Who is the president of Core?', 'Dr. Me', 'answered', '2024-10-09 02:12:54', '2024-10-09 02:21:31'),
(5, 'Reject me!', '', 'rejected', '2024-10-09 02:25:39', '2024-10-09 02:26:42'),
(6, '', '', 'rejected', '2024-10-09 02:56:17', '2024-10-14 07:54:26'),
(10, 'Can I ask again?', '', 'rejected', '2024-12-04 07:41:12', '2024-12-04 07:41:18'),
(12, 'What is the', '', 'rejected', '2024-12-05 09:23:44', '2024-12-10 03:12:45'),
(13, 'everything on CGC', 'Yes we here', 'answered', '2024-12-10 03:12:10', '2024-12-10 03:12:36'),
(14, 'Who is the developer of this sytem?', 'I am the developer', 'answered', '2025-01-06 02:42:50', '2025-01-06 02:43:01');

-- --------------------------------------------------------

--
-- Table structure for table `real_time_schedule`
--

CREATE TABLE `real_time_schedule` (
  `real_time_schedule_id` int(11) NOT NULL,
  `room_id` int(11) NOT NULL,
  `time_in` time NOT NULL,
  `time_out` time DEFAULT NULL,
  `day` enum('Mon','Tue','Wed','Thu','Fri','Sat') NOT NULL,
  `subject` varchar(100) DEFAULT NULL,
  `employee_id` int(11) DEFAULT NULL,
  `position` enum('teaching','non-teaching') NOT NULL
) ENGINE=InnoDB DEFAULT CHARSET=utf8mb4 COLLATE=utf8mb4_general_ci;

--
-- Dumping data for table `real_time_schedule`
--

INSERT INTO `real_time_schedule` (`real_time_schedule_id`, `room_id`, `time_in`, `time_out`, `day`, `subject`, `employee_id`, `position`) VALUES
(1, 3, '09:00:00', '09:00:00', 'Mon', 'CS 100', 1, 'teaching'),
(2, 3, '09:00:00', '09:00:00', 'Thu', 'CS 100', 1, 'teaching'),
(3, 3, '10:00:00', '10:00:00', 'Wed', 'CS 102', 1, 'teaching'),
(4, 3, '10:00:00', '10:00:00', 'Fri', 'CS 102', 1, 'teaching'),
(5, 4, '10:30:00', '10:30:00', 'Sat', 'CS 102', 1, 'teaching'),
(6, 3, '09:00:00', '10:35:00', 'Mon', 'N/A', 3, 'non-teaching'),
(7, 3, '10:30:00', '00:00:00', 'Fri', '', 3, 'non-teaching'),
(8, 4, '22:23:00', '14:30:00', 'Mon', '', 4, 'non-teaching'),
(9, 4, '22:23:00', '12:23:00', 'Fri', '', 4, 'non-teaching'),
(10, 4, '22:25:00', '13:24:00', 'Tue', 'N/A', 4, 'non-teaching'),
(11, 4, '22:25:00', '13:24:00', 'Sat', '', 4, 'non-teaching'),
(12, 4, '11:00:00', '00:01:00', 'Mon', '', 5, 'non-teaching'),
(13, 4, '11:00:00', '00:01:00', 'Sat', '', 5, 'non-teaching'),
(14, 5, '08:00:00', NULL, 'Mon', 'CS 100', 6, 'teaching'),
(15, 5, '08:00:00', NULL, 'Thu', 'CS 100', 6, 'teaching'),
(16, 5, '08:00:00', NULL, 'Sat', 'CS 100', 6, 'teaching');

-- --------------------------------------------------------

--
-- Table structure for table `room`
--

CREATE TABLE `room` (
  `room_id` int(11) NOT NULL,
  `room_name` varchar(100) NOT NULL,
  `description` text DEFAULT NULL,
  `other_description` text DEFAULT NULL,
  `created_at` timestamp NOT NULL DEFAULT current_timestamp(),
  `updated_at` timestamp NOT NULL DEFAULT current_timestamp() ON UPDATE current_timestamp()
) ENGINE=InnoDB DEFAULT CHARSET=utf8mb4 COLLATE=utf8mb4_general_ci;

--
-- Dumping data for table `room`
--

INSERT INTO `room` (`room_id`, `room_name`, `description`, `other_description`, `created_at`, `updated_at`) VALUES
(3, '501', 'This is my first room', 'other descriptions', '2024-10-08 07:56:19', '2024-10-08 07:56:19'),
(4, '504', 'Second Room', 'Another Room', '2024-10-08 07:57:25', '2024-10-08 09:00:07'),
(5, '101', '1st Floor', 'Core 1', '2024-10-25 08:16:37', '2024-10-25 08:16:37'),
(6, '102', '1st Floor', 'Core 1', '2024-10-25 08:17:23', '2024-10-25 08:17:23'),
(7, '103', '1st Floor', 'Core 1', '2024-10-25 08:17:47', '2024-10-25 08:17:47'),
(8, '104', '1st Floor', 'Core 1', '2024-10-25 08:18:06', '2024-10-25 08:18:06'),
(9, '105', '1st Floor', 'Core 1', '2024-10-25 08:18:24', '2024-10-25 08:18:24'),
(10, 'Registrar Second Floor', '2nd Floor of Registrar', '2nd Floor of Registrar', '2024-10-26 13:13:58', '2024-10-26 13:13:58'),
(11, 'T.E.P. 7', '2nd Floor', '2nd Floor', '2024-10-26 13:19:38', '2024-10-26 13:19:38'),
(12, '111', '2nd Floor', '2nd Floor', '2024-10-26 13:20:14', '2024-10-26 13:20:14'),
(13, '110', '2nd Floor', '2nd Floor', '2024-10-26 13:20:42', '2024-10-26 13:20:42'),
(14, 'T.E.P. 6', '2nd Floor', '2nd Floor', '2024-10-26 13:23:07', '2024-10-26 13:23:07'),
(15, 'College Registrar', 'College Registrar / OSA / Guidance Office', 'Main Registrar', '2024-11-04 10:24:15', '2024-11-04 10:24:15'),
(16, '112', '3rd Floor', 'Room 112 and Exit', '2024-11-04 10:28:27', '2024-11-04 10:28:27'),
(17, '113', '3rd Floor', 'Room 113 and Exit', '2024-11-04 10:29:48', '2024-11-04 10:29:48'),
(18, '114', '3rd Floor', 'Room 114 and Exit', '2024-11-04 10:30:30', '2024-11-04 10:30:30'),
(19, '115', '3rd Floor', 'Room 115 and Exit', '2024-11-04 10:31:01', '2024-11-04 10:31:01'),
(20, '116', '3rd Floor', 'Room 116 and Exit', '2024-11-04 10:31:32', '2024-11-04 10:31:32'),
(21, 'CR 3rd Floor', '3rd Floor CR for Men and Women', '3rd Floor CR for Men and Women', '2024-11-04 10:32:15', '2024-11-04 10:32:15'),
(22, '3rd Floor', 'all rooms for 3rd Floor', 'All Rooms', '2024-11-04 10:32:59', '2024-11-04 10:32:59'),
(23, '403', '1st Floor', 'CORE 4 Building', '2024-11-07 13:34:32', '2024-11-07 13:34:32'),
(24, '404', '1st Floor', 'CORE 4 Building', '2024-11-07 13:40:23', '2024-11-07 13:40:23'),
(25, '405', '1st Floor', 'CORE 4 Building', '2024-11-07 13:40:43', '2024-11-07 13:40:43'),
(26, '406', '1st Floor', 'CORE 4 Building', '2024-11-07 13:40:57', '2024-11-07 13:40:57'),
(27, '407', '1st Floor', 'CORE 4 Building', '2024-11-07 13:41:08', '2024-11-07 13:41:08'),
(28, '408', '1st Floor', 'CORE 4 Building', '2024-11-07 13:41:22', '2024-11-07 13:41:22'),
(29, '432', '1st Floor', 'CORE 4 Building', '2024-11-07 13:41:34', '2024-11-07 13:41:34'),
(30, '433', '1st Floor', 'CORE 4 Building', '2024-11-07 13:41:42', '2024-11-07 13:41:42'),
(31, '434', '1st Floor', 'CORE 4 Building', '2024-11-07 13:41:53', '2024-11-07 13:41:53'),
(32, '435', '1st Floor', 'CORE 4 Building', '2024-11-07 13:42:04', '2024-11-07 13:42:04'),
(33, '436', '1st Floor', 'CORE 4 Building', '2024-11-07 13:42:13', '2024-11-07 13:42:13'),
(34, 'CR for Men and Women', '1st Floor', 'CORE 4 Building', '2024-11-07 13:42:29', '2024-11-07 13:42:29'),
(35, 'Grade 2', '1st Floor', 'CORE 4 Building', '2024-11-07 13:42:43', '2024-11-07 13:42:43'),
(36, 'Grade 3', '1st Floor', 'CORE 4 Building', '2024-11-07 13:42:53', '2024-11-07 13:42:53'),
(37, 'Grade 4', '1st Floor', 'CORE 4 Building', '2024-11-07 13:43:07', '2024-11-07 13:43:07'),
(38, 'Kinder Garden', '1st Floor', 'CORE 4 Building', '2024-11-07 13:43:18', '2024-11-07 13:43:18'),
(39, 'Grade 5', '1st Floor', 'CORE 4 Building', '2024-11-07 13:43:39', '2024-11-07 13:43:39'),
(40, '7 - Everlasting', '2nd Floor', 'CORE 4 Building', '2024-11-07 13:44:41', '2024-11-07 13:44:41'),
(41, '7 - Gumamela', '2nd Floor', 'CORE 4 Building', '2024-11-07 13:44:54', '2024-11-07 13:44:54'),
(42, '7 - Orchids', '2nd Floor', 'CORE 4 Building', '2024-11-07 13:45:07', '2024-11-07 13:45:07'),
(43, '7 - Rose', '2nd Floor', 'CORE 4 Building', '2024-11-07 13:45:19', '2024-11-07 13:45:19'),
(44, '8 - Molave', '2nd Floor', 'CORE 4 Building', '2024-11-07 13:45:35', '2024-11-07 13:45:35'),
(45, '8 - Narra', '2nd Floor', 'CORE 4 Building', '2024-11-07 13:45:58', '2024-11-07 13:45:58'),
(46, '8 - Tindalo', '2nd Floor', 'CORE 4 Building', '2024-11-07 13:46:13', '2024-11-07 13:46:13'),
(47, '409', '2nd Floor', 'CORE 4 Building', '2024-11-07 13:46:25', '2024-11-07 13:46:25'),
(48, '410', '2nd Floor', 'CORE 4 Building', '2024-11-07 13:46:35', '2024-11-07 13:46:35'),
(49, '411', '2nd Floor', 'CORE 4 Building', '2024-11-07 13:46:48', '2024-11-07 13:46:48'),
(50, '412', '2nd Floor', 'CORE 4 Building', '2024-11-07 13:47:15', '2024-11-07 13:47:15'),
(51, '413', '2nd Floor', 'CORE 4 Building', '2024-11-07 13:47:25', '2024-11-07 13:47:25'),
(52, '414', '2nd Floor', 'CORE 4 Building', '2024-11-07 13:47:35', '2024-11-07 13:47:35'),
(53, '415', '2nd Floor', 'CORE 4 Building', '2024-11-07 13:47:45', '2024-11-07 13:47:45'),
(54, '416', '2nd Floor', 'CORE 4 Building', '2024-11-07 13:47:57', '2024-11-07 13:47:57'),
(55, 'CR for Men', '2nd Floor', 'CORE 4 Building', '2024-11-07 13:48:16', '2024-11-07 13:48:16'),
(56, '9 - Earth', '3rd Floor', 'CORE 4 Building', '2024-11-07 13:48:39', '2024-11-07 13:48:39'),
(57, '9 - Mercury', '3rd Floor', 'CORE 4 Building', '2024-11-07 13:49:38', '2024-11-07 13:49:38'),
(58, '9 - Saturn', '3rd Floor', 'CORE 4 Building', '2024-11-07 13:49:56', '2024-11-07 13:49:56'),
(59, '9 - Venus', '3rd Floor', 'CORE 4 Building', '2024-11-07 13:50:09', '2024-11-07 13:50:09'),
(60, '417', '3rd Floor', 'CORE 4 Building', '2024-11-07 13:50:22', '2024-11-07 13:50:22'),
(61, '418', '3rd Floor', 'CORE 4 Building', '2024-11-07 13:50:32', '2024-11-07 13:50:32'),
(62, '419', '3rd Floor', 'CORE 4 Building', '2024-11-07 13:50:45', '2024-11-07 13:50:45'),
(63, '420', '3rd Floor', 'CORE 4 Building', '2024-11-07 13:51:06', '2024-11-07 13:51:06'),
(64, '421', '3rd Floor', 'CORE 4 Building', '2024-11-07 13:51:19', '2024-11-07 13:51:19'),
(65, '422', '3rd Floor', 'CORE 4 Building', '2024-11-07 13:51:32', '2024-11-07 13:51:32'),
(66, '423', '3rd Floor', 'CORE 4 Building', '2024-11-07 13:52:03', '2024-11-07 13:52:03'),
(67, 'CR for Men', '3rd Floor', 'CORE 4 Building', '2024-11-07 13:52:16', '2024-11-07 13:52:16'),
(68, 'CR for Women', '3rd Floor', 'CORE 4 Building', '2024-11-07 13:52:41', '2024-11-07 13:52:41'),
(69, '424', '4th Floor', 'CORE 4 Building', '2024-11-07 13:53:03', '2024-11-07 13:53:03'),
(70, '425', '4th Floor', 'CORE 4 Building', '2024-11-07 13:53:12', '2024-11-07 13:53:12'),
(71, '426', '4th Floor', 'CORE 4 Building', '2024-11-07 13:53:43', '2024-11-07 13:53:43'),
(72, '427 Exit', '4th Floor', 'CORE 4 Building', '2024-11-07 13:53:54', '2024-11-07 13:53:54'),
(73, '428', '4th Floor', 'CORE 4 Building', '2024-11-07 13:54:04', '2024-11-07 13:54:04'),
(74, '430', '4th Floor', 'CORE 4 Building', '2024-11-07 13:54:13', '2024-11-07 13:54:13'),
(75, 'CR for Men', '4th Floor', 'CORE 4 Building', '2024-11-07 13:54:25', '2024-11-07 13:54:25'),
(76, 'CR for Women', '4th Floor', 'CORE 4 Building', '2024-11-07 13:54:36', '2024-11-07 13:54:36'),
(77, 'Faculty Room', '4th Floor', 'CORE 4 Building', '2024-11-07 13:54:46', '2024-11-07 13:54:46'),
(78, 'Tertiary Education Subsidy', '5th Floor', 'CORE 4 Building', '2024-11-07 13:55:55', '2024-11-07 13:55:55');

-- --------------------------------------------------------

--
-- Table structure for table `room_images`
--

CREATE TABLE `room_images` (
  `image_id` int(11) NOT NULL,
  `room_id` int(11) DEFAULT NULL,
  `image_path` varchar(255) DEFAULT NULL,
  `created_at` timestamp NOT NULL DEFAULT current_timestamp()
) ENGINE=InnoDB DEFAULT CHARSET=utf8mb4 COLLATE=utf8mb4_general_ci;

--
-- Dumping data for table `room_images`
--

INSERT INTO `room_images` (`image_id`, `room_id`, `image_path`, `created_at`) VALUES
(13, 5, '1729844197_IMG_20241019_123601.jpg', '2024-10-25 08:16:37'),
(14, 5, '1729844197_IMG_20241019_123831.jpg', '2024-10-25 08:16:37'),
(15, 5, '1729844197_IMG_20241019_123843.jpg', '2024-10-25 08:16:37'),
(16, 5, '1729844197_IMG_20241019_123849.jpg', '2024-10-25 08:16:37'),
(17, 6, '1729844243_IMG_20241019_123601.jpg', '2024-10-25 08:17:23'),
(18, 6, '1729844243_IMG_20241019_123831.jpg', '2024-10-25 08:17:23'),
(19, 6, '1729844243_IMG_20241019_123843.jpg', '2024-10-25 08:17:23'),
(20, 6, '1729844243_IMG_20241019_123853.jpg', '2024-10-25 08:17:23'),
(21, 6, '1729844243_IMG_20241019_123906.jpg', '2024-10-25 08:17:23'),
(22, 6, '1729844243_IMG_20241019_123913.jpg', '2024-10-25 08:17:23'),
(23, 7, '1729844267_IMG_20241019_123601.jpg', '2024-10-25 08:17:47'),
(24, 7, '1729844267_IMG_20241019_123831.jpg', '2024-10-25 08:17:47'),
(25, 7, '1729844267_IMG_20241019_123843.jpg', '2024-10-25 08:17:47'),
(26, 7, '1729844267_IMG_20241019_123853.jpg', '2024-10-25 08:17:47'),
(27, 7, '1729844267_IMG_20241019_123906.jpg', '2024-10-25 08:17:47'),
(28, 7, '1729844267_IMG_20241019_123920.jpg', '2024-10-25 08:17:47'),
(29, 7, '1729844267_IMG_20241019_123932.jpg', '2024-10-25 08:17:47'),
(30, 7, '1729844267_IMG_20241019_123939.jpg', '2024-10-25 08:17:47'),
(31, 8, '1729844286_IMG_20241019_123601.jpg', '2024-10-25 08:18:06'),
(32, 8, '1729844286_IMG_20241019_123831.jpg', '2024-10-25 08:18:06'),
(33, 8, '1729844286_IMG_20241019_123843.jpg', '2024-10-25 08:18:06'),
(34, 8, '1729844286_IMG_20241019_123853.jpg', '2024-10-25 08:18:06'),
(35, 8, '1729844286_IMG_20241019_123906.jpg', '2024-10-25 08:18:06'),
(36, 8, '1729844286_IMG_20241019_123920.jpg', '2024-10-25 08:18:06'),
(37, 8, '1729844286_IMG_20241019_123932.jpg', '2024-10-25 08:18:06'),
(38, 8, '1729844286_IMG_20241019_123944.jpg', '2024-10-25 08:18:06'),
(39, 8, '1729844286_IMG_20241019_124013.jpg', '2024-10-25 08:18:06'),
(40, 8, '1729844286_IMG_20241019_124021.jpg', '2024-10-25 08:18:06'),
(41, 8, '1729844286_IMG_20241019_124041.jpg', '2024-10-25 08:18:06'),
(42, 9, '1729844304_IMG_20241019_123601.jpg', '2024-10-25 08:18:24'),
(43, 9, '1729844304_IMG_20241019_123831.jpg', '2024-10-25 08:18:24'),
(44, 9, '1729844304_IMG_20241019_123843.jpg', '2024-10-25 08:18:24'),
(45, 9, '1729844304_IMG_20241019_123853.jpg', '2024-10-25 08:18:24'),
(46, 9, '1729844304_IMG_20241019_123906.jpg', '2024-10-25 08:18:24'),
(47, 9, '1729844304_IMG_20241019_123920.jpg', '2024-10-25 08:18:24'),
(48, 9, '1729844304_IMG_20241019_123932.jpg', '2024-10-25 08:18:24'),
(49, 9, '1729844304_IMG_20241019_123944.jpg', '2024-10-25 08:18:24'),
(50, 9, '1729844304_IMG_20241019_124013.jpg', '2024-10-25 08:18:24'),
(51, 9, '1729844304_IMG_20241019_124021.jpg', '2024-10-25 08:18:24'),
(52, 9, '1729844304_IMG_20241019_124124.jpg', '2024-10-25 08:18:24'),
(53, 9, '1729844304_IMG_20241019_124146.jpg', '2024-10-25 08:18:24'),
(54, 9, '1729844304_IMG_20241019_124153.jpg', '2024-10-25 08:18:24'),
(55, 3, 'IMG_20241019_123601.jpg', '2024-10-25 08:49:53'),
(57, 4, 'IMG_20241019_123601.jpg', '2024-10-25 08:50:48'),
(58, 4, 'IMG_20241019_124146.jpg', '2024-10-25 08:50:48'),
(59, 10, '1729948438_IMG_20241019_123601.jpg', '2024-10-26 13:13:58'),
(60, 10, '1729948438_IMG_20241019_125436.jpg', '2024-10-26 13:13:58'),
(61, 10, '1729948438_IMG_20241019_125447.jpg', '2024-10-26 13:13:58'),
(62, 10, '1729948438_IMG_20241019_125517.jpg', '2024-10-26 13:13:58'),
(63, 11, '1729948778_IMG_20241019_123601.jpg', '2024-10-26 13:19:38'),
(64, 11, '1729948778_IMG_20241019_124227.jpg', '2024-10-26 13:19:38'),
(65, 11, '1729948778_IMG_20241019_124239.jpg', '2024-10-26 13:19:38'),
(66, 11, '1729948778_IMG_20241019_124305.jpg', '2024-10-26 13:19:38'),
(67, 11, '1729948778_IMG_20241019_124313.jpg', '2024-10-26 13:19:38'),
(68, 12, '1729948814_IMG_20241019_123601.jpg', '2024-10-26 13:20:14'),
(69, 12, '1729948814_IMG_20241019_124227.jpg', '2024-10-26 13:20:14'),
(70, 12, '1729948814_IMG_20241019_124251.jpg', '2024-10-26 13:20:14'),
(71, 13, '1729948842_IMG_20241019_123601.jpg', '2024-10-26 13:20:42'),
(72, 13, '1729948842_IMG_20241019_124227.jpg', '2024-10-26 13:20:42'),
(73, 13, '1729948842_IMG_20241019_124239.jpg', '2024-10-26 13:20:42'),
(74, 13, '1729948842_IMG_20241019_124251.jpg', '2024-10-26 13:20:42'),
(75, 13, '1729948842_IMG_20241019_124305.jpg', '2024-10-26 13:20:42'),
(76, 13, '1729948842_IMG_20241019_124328.jpg', '2024-10-26 13:20:42'),
(77, 14, '1729948987_IMG_20241019_123601.jpg', '2024-10-26 13:23:07'),
(78, 14, '1729948987_IMG_20241019_124227.jpg', '2024-10-26 13:23:07'),
(79, 14, '1729948987_IMG_20241019_124239.jpg', '2024-10-26 13:23:07'),
(80, 14, '1729948987_IMG_20241019_124251.jpg', '2024-10-26 13:23:07'),
(81, 14, '1729948987_IMG_20241019_124305.jpg', '2024-10-26 13:23:07'),
(82, 14, '1729948987_IMG_20241019_124328.jpg', '2024-10-26 13:23:07'),
(83, 14, '1729948987_IMG_20241019_124339.jpg', '2024-10-26 13:23:07'),
(84, 14, '1729948987_IMG_20241019_124343.jpg', '2024-10-26 13:23:07'),
(85, 15, '1730715855_IMG_20241019_124936.jpg', '2024-11-04 10:24:15'),
(86, 15, '1730715855_IMG_20241019_125013.jpg', '2024-11-04 10:24:15'),
(87, 15, '1730715855_IMG_20241019_125238.jpg', '2024-11-04 10:24:15'),
(88, 15, '1730715855_IMG_20241019_125247.jpg', '2024-11-04 10:24:15'),
(89, 15, '1730715855_IMG_20241019_125252.jpg', '2024-11-04 10:24:15'),
(90, 15, '1730715855_IMG_20241019_125258.jpg', '2024-11-04 10:24:15'),
(91, 15, '1730715855_IMG_20241019_125307.jpg', '2024-11-04 10:24:15'),
(92, 15, '1730715855_IMG_20241019_125314.jpg', '2024-11-04 10:24:15'),
(93, 15, '1730715855_IMG_20241019_125335.jpg', '2024-11-04 10:24:15'),
(94, 16, '1730716107_front.jpg', '2024-11-04 10:28:27'),
(95, 16, '1730716107_IMG_20241019_124549.jpg', '2024-11-04 10:28:27'),
(96, 16, '1730716107_IMG_20241019_124603.jpg', '2024-11-04 10:28:27'),
(97, 16, '1730716107_IMG_20241019_124611.jpg', '2024-11-04 10:28:27'),
(98, 16, '1730716107_IMG_20241019_124616.jpg', '2024-11-04 10:28:27'),
(99, 16, '1730716107_IMG_20241019_124630.jpg', '2024-11-04 10:28:27'),
(100, 16, '1730716107_IMG_20241019_124636.jpg', '2024-11-04 10:28:27'),
(101, 17, '1730716188_front.jpg', '2024-11-04 10:29:48'),
(102, 17, '1730716188_IMG_20241019_124549.jpg', '2024-11-04 10:29:48'),
(103, 17, '1730716188_IMG_20241019_124603.jpg', '2024-11-04 10:29:48'),
(104, 17, '1730716188_IMG_20241019_124611.jpg', '2024-11-04 10:29:48'),
(105, 17, '1730716188_IMG_20241019_124616.jpg', '2024-11-04 10:29:48'),
(106, 17, '1730716188_IMG_20241019_124630.jpg', '2024-11-04 10:29:48'),
(107, 17, '1730716188_IMG_20241019_124636.jpg', '2024-11-04 10:29:48'),
(108, 17, '1730716188_IMG_20241019_124640.jpg', '2024-11-04 10:29:48'),
(109, 17, '1730716188_IMG_20241019_124646.jpg', '2024-11-04 10:29:48'),
(110, 17, '1730716188_IMG_20241019_124648.jpg', '2024-11-04 10:29:48'),
(111, 17, '1730716188_IMG_20241019_124654.jpg', '2024-11-04 10:29:48'),
(112, 18, '1730716230_front.jpg', '2024-11-04 10:30:30'),
(113, 18, '1730716230_IMG_20241019_124549.jpg', '2024-11-04 10:30:30'),
(114, 18, '1730716230_IMG_20241019_124603.jpg', '2024-11-04 10:30:30'),
(115, 18, '1730716230_IMG_20241019_124611.jpg', '2024-11-04 10:30:30'),
(116, 18, '1730716230_IMG_20241019_124616.jpg', '2024-11-04 10:30:30'),
(117, 18, '1730716230_IMG_20241019_124630.jpg', '2024-11-04 10:30:30'),
(118, 18, '1730716230_IMG_20241019_124636.jpg', '2024-11-04 10:30:30'),
(119, 18, '1730716230_IMG_20241019_124648.jpg', '2024-11-04 10:30:30'),
(120, 18, '1730716230_IMG_20241019_124654.jpg', '2024-11-04 10:30:30'),
(121, 18, '1730716230_IMG_20241019_124658.jpg', '2024-11-04 10:30:30'),
(122, 18, '1730716230_IMG_20241019_124704.jpg', '2024-11-04 10:30:30'),
(123, 18, '1730716230_IMG_20241019_124706.jpg', '2024-11-04 10:30:30'),
(124, 18, '1730716230_IMG_20241019_124711.jpg', '2024-11-04 10:30:30'),
(125, 19, '1730716261_front.jpg', '2024-11-04 10:31:01'),
(126, 19, '1730716261_IMG_20241019_124549.jpg', '2024-11-04 10:31:01'),
(127, 19, '1730716261_IMG_20241019_124603.jpg', '2024-11-04 10:31:01'),
(128, 19, '1730716261_IMG_20241019_124611.jpg', '2024-11-04 10:31:01'),
(129, 19, '1730716261_IMG_20241019_124616.jpg', '2024-11-04 10:31:01'),
(130, 19, '1730716261_IMG_20241019_124630.jpg', '2024-11-04 10:31:01'),
(131, 19, '1730716261_IMG_20241019_124636.jpg', '2024-11-04 10:31:01'),
(132, 19, '1730716261_IMG_20241019_124640.jpg', '2024-11-04 10:31:01'),
(133, 19, '1730716261_IMG_20241019_124646.jpg', '2024-11-04 10:31:01'),
(134, 19, '1730716261_IMG_20241019_124648.jpg', '2024-11-04 10:31:01'),
(135, 19, '1730716261_IMG_20241019_124654.jpg', '2024-11-04 10:31:01'),
(136, 19, '1730716261_IMG_20241019_124658.jpg', '2024-11-04 10:31:01'),
(137, 19, '1730716261_IMG_20241019_124704.jpg', '2024-11-04 10:31:01'),
(138, 19, '1730716261_IMG_20241019_124706.jpg', '2024-11-04 10:31:01'),
(139, 19, '1730716261_IMG_20241019_124711.jpg', '2024-11-04 10:31:01'),
(140, 19, '1730716261_IMG_20241019_124713.jpg', '2024-11-04 10:31:01'),
(141, 19, '1730716261_IMG_20241019_124719.jpg', '2024-11-04 10:31:01'),
(142, 19, '1730716261_IMG_20241019_124721.jpg', '2024-11-04 10:31:01'),
(143, 19, '1730716261_IMG_20241019_124726.jpg', '2024-11-04 10:31:01'),
(144, 20, '1730716292_front.jpg', '2024-11-04 10:31:32'),
(145, 20, '1730716292_IMG_20241019_124549.jpg', '2024-11-04 10:31:32'),
(146, 20, '1730716292_IMG_20241019_124603.jpg', '2024-11-04 10:31:32'),
(147, 20, '1730716292_IMG_20241019_124611.jpg', '2024-11-04 10:31:32'),
(148, 20, '1730716292_IMG_20241019_124616.jpg', '2024-11-04 10:31:32'),
(149, 20, '1730716292_IMG_20241019_124630.jpg', '2024-11-04 10:31:32'),
(150, 20, '1730716292_IMG_20241019_124636.jpg', '2024-11-04 10:31:32'),
(151, 20, '1730716292_IMG_20241019_124640.jpg', '2024-11-04 10:31:32'),
(152, 20, '1730716292_IMG_20241019_124646.jpg', '2024-11-04 10:31:32'),
(153, 20, '1730716292_IMG_20241019_124648.jpg', '2024-11-04 10:31:32'),
(154, 20, '1730716292_IMG_20241019_124654.jpg', '2024-11-04 10:31:32'),
(155, 20, '1730716292_IMG_20241019_124658.jpg', '2024-11-04 10:31:32'),
(156, 20, '1730716292_IMG_20241019_124704.jpg', '2024-11-04 10:31:32'),
(157, 20, '1730716292_IMG_20241019_124706.jpg', '2024-11-04 10:31:32'),
(158, 20, '1730716292_IMG_20241019_124711.jpg', '2024-11-04 10:31:32'),
(159, 20, '1730716292_IMG_20241019_124713.jpg', '2024-11-04 10:31:32'),
(160, 20, '1730716292_IMG_20241019_124719.jpg', '2024-11-04 10:31:32'),
(161, 20, '1730716292_IMG_20241019_124721.jpg', '2024-11-04 10:31:32'),
(162, 20, '1730716292_IMG_20241019_124726.jpg', '2024-11-04 10:31:32'),
(163, 20, '1730716292_IMG_20241019_124729.jpg', '2024-11-04 10:31:32'),
(164, 21, '1730716335_front.jpg', '2024-11-04 10:32:15'),
(165, 21, '1730716335_IMG_20241019_124549.jpg', '2024-11-04 10:32:15'),
(166, 21, '1730716335_IMG_20241019_124603.jpg', '2024-11-04 10:32:15'),
(167, 21, '1730716335_IMG_20241019_124611.jpg', '2024-11-04 10:32:15'),
(168, 21, '1730716335_IMG_20241019_124616.jpg', '2024-11-04 10:32:15'),
(169, 21, '1730716335_IMG_20241019_124630.jpg', '2024-11-04 10:32:15'),
(170, 21, '1730716335_IMG_20241019_124636.jpg', '2024-11-04 10:32:15'),
(171, 21, '1730716335_IMG_20241019_124640.jpg', '2024-11-04 10:32:15'),
(172, 21, '1730716335_IMG_20241019_124646.jpg', '2024-11-04 10:32:15'),
(173, 21, '1730716335_IMG_20241019_124648.jpg', '2024-11-04 10:32:15'),
(174, 21, '1730716335_IMG_20241019_124654.jpg', '2024-11-04 10:32:15'),
(175, 21, '1730716335_IMG_20241019_124658.jpg', '2024-11-04 10:32:15'),
(176, 21, '1730716335_IMG_20241019_124704.jpg', '2024-11-04 10:32:15'),
(177, 21, '1730716335_IMG_20241019_124706.jpg', '2024-11-04 10:32:15'),
(178, 21, '1730716335_IMG_20241019_124711.jpg', '2024-11-04 10:32:15'),
(179, 21, '1730716335_IMG_20241019_124713.jpg', '2024-11-04 10:32:15'),
(180, 21, '1730716335_IMG_20241019_124719.jpg', '2024-11-04 10:32:15'),
(181, 21, '1730716335_IMG_20241019_124721.jpg', '2024-11-04 10:32:15'),
(182, 21, '1730716335_IMG_20241019_124726.jpg', '2024-11-04 10:32:15'),
(183, 21, '1730716335_IMG_20241019_124729.jpg', '2024-11-04 10:32:15'),
(184, 22, '1730716379_front.jpg', '2024-11-04 10:32:59'),
(185, 22, '1730716379_IMG_20241019_124549.jpg', '2024-11-04 10:32:59'),
(186, 22, '1730716379_IMG_20241019_124603.jpg', '2024-11-04 10:32:59'),
(187, 22, '1730716379_IMG_20241019_124611.jpg', '2024-11-04 10:32:59'),
(188, 22, '1730716379_IMG_20241019_124616.jpg', '2024-11-04 10:32:59'),
(189, 22, '1730716379_IMG_20241019_124630.jpg', '2024-11-04 10:32:59'),
(190, 22, '1730716379_IMG_20241019_124636.jpg', '2024-11-04 10:32:59'),
(191, 22, '1730716379_IMG_20241019_124640.jpg', '2024-11-04 10:32:59'),
(192, 22, '1730716379_IMG_20241019_124646.jpg', '2024-11-04 10:32:59'),
(193, 22, '1730716379_IMG_20241019_124648.jpg', '2024-11-04 10:32:59'),
(194, 22, '1730716379_IMG_20241019_124654.jpg', '2024-11-04 10:32:59'),
(195, 22, '1730716379_IMG_20241019_124658.jpg', '2024-11-04 10:32:59'),
(196, 22, '1730716379_IMG_20241019_124704.jpg', '2024-11-04 10:32:59'),
(197, 22, '1730716379_IMG_20241019_124706.jpg', '2024-11-04 10:32:59'),
(198, 22, '1730716379_IMG_20241019_124711.jpg', '2024-11-04 10:32:59'),
(199, 22, '1730716379_IMG_20241019_124713.jpg', '2024-11-04 10:32:59'),
(200, 22, '1730716379_IMG_20241019_124719.jpg', '2024-11-04 10:32:59'),
(201, 22, '1730716379_IMG_20241019_124721.jpg', '2024-11-04 10:32:59'),
(202, 22, '1730716379_IMG_20241019_124726.jpg', '2024-11-04 10:32:59'),
(203, 22, '1730716379_IMG_20241019_124729.jpg', '2024-11-04 10:32:59'),
(207, 20, 'IMG_20241019_124733.jpg', '2024-11-04 10:39:23'),
(208, 20, 'IMG_20241019_124741.jpg', '2024-11-04 10:39:23'),
(209, 20, 'IMG_20241019_124736.jpg', '2024-11-04 10:39:23'),
(210, 21, 'IMG_20241019_124733.jpg', '2024-11-04 10:40:46'),
(211, 21, 'IMG_20241019_124736.jpg', '2024-11-04 10:40:46'),
(212, 21, 'IMG_20241019_124741.jpg', '2024-11-04 10:40:46'),
(213, 21, 'IMG_20241019_124743.jpg', '2024-11-04 10:40:46'),
(214, 21, 'IMG_20241019_124747.jpg', '2024-11-04 10:40:46'),
(215, 21, 'IMG_20241019_124755.jpg', '2024-11-04 10:40:46'),
(216, 22, 'IMG_20241019_124733.jpg', '2024-11-04 10:42:02'),
(217, 22, 'IMG_20241019_124736.jpg', '2024-11-04 10:42:02'),
(218, 22, 'IMG_20241019_124741.jpg', '2024-11-04 10:42:02'),
(219, 22, 'IMG_20241019_124743.jpg', '2024-11-04 10:42:02'),
(220, 22, 'IMG_20241019_124747.jpg', '2024-11-04 10:42:02'),
(221, 22, 'IMG_20241019_124755.jpg', '2024-11-04 10:42:02'),
(222, 22, 'IMG_20241019_124758.jpg', '2024-11-04 10:42:02'),
(223, 22, 'IMG_20241019_124808.jpg', '2024-11-04 10:42:02'),
(224, 22, 'IMG_20241019_124817.jpg', '2024-11-04 10:42:02'),
(225, 23, '403.jpg', '2024-11-07 13:39:49'),
(226, 24, '1730986823_404.jpg', '2024-11-07 13:40:23'),
(227, 25, '1730986843_405.jpg', '2024-11-07 13:40:43'),
(228, 26, '1730986857_406.jpg', '2024-11-07 13:40:57'),
(229, 27, '1730986868_407.jpg', '2024-11-07 13:41:08'),
(230, 28, '1730986882_408.jpg', '2024-11-07 13:41:22'),
(231, 29, '1730986894_432.jpg', '2024-11-07 13:41:34'),
(232, 30, '1730986902_433.jpg', '2024-11-07 13:41:42'),
(233, 31, '1730986913_434.jpg', '2024-11-07 13:41:53'),
(234, 32, '1730986924_435.jpg', '2024-11-07 13:42:04'),
(235, 33, '1730986933_436.jpg', '2024-11-07 13:42:13'),
(236, 34, '1730986949_CR.jpg', '2024-11-07 13:42:29'),
(237, 35, '1730986963_Grade 2.jpg', '2024-11-07 13:42:43'),
(238, 36, '1730986973_Grade 3.jpg', '2024-11-07 13:42:53'),
(239, 37, '1730986987_Grade 4.jpg', '2024-11-07 13:43:07'),
(240, 38, '1730986998_Kinder Garden.jpg', '2024-11-07 13:43:18'),
(241, 39, '1730987019_photo_10_2024-11-04_00-14-01.jpg', '2024-11-07 13:43:39'),
(242, 40, '1730987081_7 - Everlasting.jpg', '2024-11-07 13:44:41'),
(243, 41, '1730987094_7 - Gumamela.jpg', '2024-11-07 13:44:54'),
(244, 42, '1730987107_7 - Orchids.jpg', '2024-11-07 13:45:07'),
(245, 43, '1730987119_7 - Rose.jpg', '2024-11-07 13:45:19'),
(246, 44, '1730987135_8 - Molave.jpg', '2024-11-07 13:45:35'),
(247, 45, '1730987158_8 - Narra.jpg', '2024-11-07 13:45:58'),
(248, 46, '1730987173_8 - Tindalo.jpg', '2024-11-07 13:46:13'),
(249, 47, '1730987185_409.jpg', '2024-11-07 13:46:25'),
(250, 48, '1730987195_410.jpg', '2024-11-07 13:46:35'),
(251, 49, '1730987208_411.jpg', '2024-11-07 13:46:48'),
(252, 50, '1730987235_412.jpg', '2024-11-07 13:47:15'),
(253, 51, '1730987245_413.jpg', '2024-11-07 13:47:25'),
(254, 52, '1730987255_414.jpg', '2024-11-07 13:47:35'),
(255, 53, '1730987265_415.jpg', '2024-11-07 13:47:45'),
(256, 54, '1730987277_416.jpg', '2024-11-07 13:47:57'),
(257, 55, '1730987296_CR for Men.jpg', '2024-11-07 13:48:16'),
(258, 56, '1730987319_9 - Earth.jpg', '2024-11-07 13:48:39'),
(259, 57, '1730987378_9 - Mercury.jpg', '2024-11-07 13:49:38'),
(260, 58, '1730987396_9 - Saturn.jpg', '2024-11-07 13:49:56'),
(261, 59, '1730987409_9 - Venus.jpg', '2024-11-07 13:50:09'),
(262, 60, '1730987422_417.jpg', '2024-11-07 13:50:22'),
(263, 61, '1730987432_418.jpg', '2024-11-07 13:50:32'),
(264, 62, '1730987445_419.jpg', '2024-11-07 13:50:45'),
(265, 63, '1730987466_420.jpg', '2024-11-07 13:51:06'),
(266, 64, '1730987479_421.jpg', '2024-11-07 13:51:19'),
(267, 65, '1730987492_422.jpg', '2024-11-07 13:51:32'),
(268, 66, '1730987523_423.jpg', '2024-11-07 13:52:03'),
(269, 67, '1730987536_CD for Men.jpg', '2024-11-07 13:52:16'),
(270, 68, '1730987561_CR for Women.jpg', '2024-11-07 13:52:41'),
(271, 69, '1730987583_424.jpg', '2024-11-07 13:53:03'),
(272, 70, '1730987592_425.jpg', '2024-11-07 13:53:12'),
(273, 71, '1730987623_426.jpg', '2024-11-07 13:53:43'),
(274, 72, '1730987634_427 Exit.jpg', '2024-11-07 13:53:54'),
(275, 73, '1730987644_428.jpg', '2024-11-07 13:54:04'),
(276, 74, '1730987653_430.jpg', '2024-11-07 13:54:13'),
(277, 75, '1730987665_CR for Men.jpg', '2024-11-07 13:54:25'),
(278, 76, '1730987676_CR for Women.jpg', '2024-11-07 13:54:36'),
(279, 77, '1730987686_Faculty Room.jpg', '2024-11-07 13:54:46'),
(280, 78, '1730987755_photo_1_2024-11-04_00-22-00.jpg', '2024-11-07 13:55:55'),
(281, 78, '1730987755_photo_2_2024-11-04_00-22-00.jpg', '2024-11-07 13:55:55'),
(282, 3, 'IMG_20241019_125436.jpg', '2025-01-06 02:55:10'),
(283, 3, 'IMG_20241019_125447.jpg', '2025-01-06 02:55:10');

-- --------------------------------------------------------

--
-- Table structure for table `users`
--

CREATE TABLE `users` (
  `user_id` int(11) NOT NULL,
  `name` varchar(100) NOT NULL,
  `username` varchar(50) NOT NULL,
  `password` varchar(255) NOT NULL,
  `type` enum('Superadmin','admin') NOT NULL,
  `isActive` tinyint(1) DEFAULT 1,
  `date_created` timestamp NOT NULL DEFAULT current_timestamp(),
  `date_modified` timestamp NOT NULL DEFAULT current_timestamp() ON UPDATE current_timestamp(),
  `profile_pic` varchar(255) DEFAULT NULL,
  `user_status` varchar(20) NOT NULL
) ENGINE=InnoDB DEFAULT CHARSET=utf8mb4 COLLATE=utf8mb4_general_ci;

--
-- Dumping data for table `users`
--

INSERT INTO `users` (`user_id`, `name`, `username`, `password`, `type`, `isActive`, `date_created`, `date_modified`, `profile_pic`, `user_status`) VALUES
(1, 'SUPERMAN', 'superadmin', '5f4dcc3b5aa765d61d8327deb882cf99', 'Superadmin', 1, '2024-09-27 01:43:56', '2024-12-03 03:45:27', '673c3a53edbd2-iconer.png', 'old'),
(2, 'First', 'firstadmin', '7c6a180b36896a0a8c02787eeafb0e4c', 'admin', 1, '2024-09-27 02:19:26', '2024-10-08 07:31:37', 'male icon.png', 'old'),
(5, 'second', 'Secondadmin', '5f4dcc3b5aa765d61d8327deb882cf99', 'admin', 1, '2024-09-28 02:30:52', '2024-09-28 02:30:52', NULL, 'new'),
(6, 'superadmin2', 'superadmin2', '5f4dcc3b5aa765d61d8327deb882cf99', 'Superadmin', 1, '2024-10-04 08:51:52', '2024-10-04 08:51:52', NULL, 'new'),
(8, 'deleter', 'deleter', '5f4dcc3b5aa765d61d8327deb882cf99', 'admin', 1, '2025-01-06 02:35:58', '2025-01-06 02:35:58', NULL, 'new');

--
-- Indexes for dumped tables
--

--
-- Indexes for table `employee_schedule`
--
ALTER TABLE `employee_schedule`
  ADD PRIMARY KEY (`schedule_id`);

--
-- Indexes for table `feedback`
--
ALTER TABLE `feedback`
  ADD PRIMARY KEY (`id`);

--
-- Indexes for table `navita`
--
ALTER TABLE `navita`
  ADD PRIMARY KEY (`navita_id`);

--
-- Indexes for table `real_time_schedule`
--
ALTER TABLE `real_time_schedule`
  ADD PRIMARY KEY (`real_time_schedule_id`),
  ADD KEY `room_id` (`room_id`);

--
-- Indexes for table `room`
--
ALTER TABLE `room`
  ADD PRIMARY KEY (`room_id`);

--
-- Indexes for table `room_images`
--
ALTER TABLE `room_images`
  ADD PRIMARY KEY (`image_id`),
  ADD KEY `room_id` (`room_id`);

--
-- Indexes for table `users`
--
ALTER TABLE `users`
  ADD PRIMARY KEY (`user_id`);

--
-- AUTO_INCREMENT for dumped tables
--

--
-- AUTO_INCREMENT for table `employee_schedule`
--
ALTER TABLE `employee_schedule`
  MODIFY `schedule_id` int(11) NOT NULL AUTO_INCREMENT, AUTO_INCREMENT=8;

--
-- AUTO_INCREMENT for table `feedback`
--
ALTER TABLE `feedback`
  MODIFY `id` int(11) NOT NULL AUTO_INCREMENT, AUTO_INCREMENT=3;

--
-- AUTO_INCREMENT for table `navita`
--
ALTER TABLE `navita`
  MODIFY `navita_id` int(11) NOT NULL AUTO_INCREMENT, AUTO_INCREMENT=15;

--
-- AUTO_INCREMENT for table `real_time_schedule`
--
ALTER TABLE `real_time_schedule`
  MODIFY `real_time_schedule_id` int(11) NOT NULL AUTO_INCREMENT, AUTO_INCREMENT=20;

--
-- AUTO_INCREMENT for table `room`
--
ALTER TABLE `room`
  MODIFY `room_id` int(11) NOT NULL AUTO_INCREMENT, AUTO_INCREMENT=81;

--
-- AUTO_INCREMENT for table `room_images`
--
ALTER TABLE `room_images`
  MODIFY `image_id` int(11) NOT NULL AUTO_INCREMENT, AUTO_INCREMENT=290;

--
-- AUTO_INCREMENT for table `users`
--
ALTER TABLE `users`
  MODIFY `user_id` int(11) NOT NULL AUTO_INCREMENT, AUTO_INCREMENT=9;

--
-- Constraints for dumped tables
--

--
-- Constraints for table `real_time_schedule`
--
ALTER TABLE `real_time_schedule`
  ADD CONSTRAINT `real_time_schedule_ibfk_1` FOREIGN KEY (`room_id`) REFERENCES `room` (`room_id`) ON DELETE CASCADE ON UPDATE CASCADE;

--
-- Constraints for table `room_images`
--
ALTER TABLE `room_images`
  ADD CONSTRAINT `room_images_ibfk_1` FOREIGN KEY (`room_id`) REFERENCES `room` (`room_id`) ON DELETE CASCADE;
COMMIT;

/*!40101 SET CHARACTER_SET_CLIENT=@OLD_CHARACTER_SET_CLIENT */;
/*!40101 SET CHARACTER_SET_RESULTS=@OLD_CHARACTER_SET_RESULTS */;
/*!40101 SET COLLATION_CONNECTION=@OLD_COLLATION_CONNECTION */;
