-- phpMyAdmin SQL Dump
-- version 5.2.1
-- https://www.phpmyadmin.net/
--
-- Host: localhost
-- Generation Time: Feb 12, 2025 at 08:31 AM
-- Server version: 10.4.28-MariaDB
-- PHP Version: 8.2.4

SET SQL_MODE = "NO_AUTO_VALUE_ON_ZERO";
START TRANSACTION;
SET time_zone = "+00:00";


/*!40101 SET @OLD_CHARACTER_SET_CLIENT=@@CHARACTER_SET_CLIENT */;
/*!40101 SET @OLD_CHARACTER_SET_RESULTS=@@CHARACTER_SET_RESULTS */;
/*!40101 SET @OLD_COLLATION_CONNECTION=@@COLLATION_CONNECTION */;
/*!40101 SET NAMES utf8mb4 */;

--
-- Database: `indoor_map`
--

-- --------------------------------------------------------

--
-- Table structure for table `about_sections`
--

CREATE TABLE `about_sections` (
  `about_id` int(11) NOT NULL,
  `about_title` varchar(255) NOT NULL,
  `about_description` text NOT NULL,
  `about_icon` text NOT NULL,
  `about_last_updated` timestamp NOT NULL DEFAULT current_timestamp() ON UPDATE current_timestamp()
) ENGINE=InnoDB DEFAULT CHARSET=utf8mb4 COLLATE=utf8mb4_general_ci;

--
-- Dumping data for table `about_sections`
--

INSERT INTO `about_sections` (`about_id`, `about_title`, `about_description`, `about_icon`, `about_last_updated`) VALUES
(1, 'Vision', 'Core Gateway College, Inc. envisions itself as the leading educational institution that provides inclusive and excellent education responsive to the call of the time.', '', '2025-02-04 02:38:39'),
(2, 'Mission', 'We stand for what is just and right. We shape learners with character and humor.', '', '2025-01-25 14:52:10'),
(3, 'Core Values', 'Core values introduction or summary here.', '', '2025-01-25 13:55:32'),
(4, 'Address', 'Core Gateway College\nSan Jose, Nueva Ecija, Philippines 3121', 'bi bi-geo-alt', '2025-01-25 14:24:52'),
(5, 'Call Us', '+1 5589 55488 55\n+1 6678 254445 41', 'bi bi-telephone', '2025-01-25 14:05:39'),
(6, 'Email Us', 'navita_info@example.com\nnavita@example.com', 'bi bi-envelope', '2025-01-25 14:05:46'),
(7, 'Open Hours', 'Monday - Friday\n9:00AM - 05:00PM', 'bi bi-clock', '2025-01-25 14:05:52'),
(8, 'CORE Guide', 'is envisioned to be a multi-platform application that will allow users to navigate the CGCI campus using an interactive indoor map with an intelligent chatbot. The application is intended to enhance student and employee productivity and improve the visitor experience in accessibility and indoor campus navigation.', '', '2025-02-11 04:28:39');

-- --------------------------------------------------------

--
-- Table structure for table `core_values`
--

CREATE TABLE `core_values` (
  `core_id` int(11) NOT NULL,
  `about_id` int(11) NOT NULL,
  `core_title` varchar(255) NOT NULL,
  `subtitle` varchar(255) NOT NULL,
  `core_description` text NOT NULL,
  `order` int(11) NOT NULL DEFAULT 1,
  `core_last_updated` timestamp NOT NULL DEFAULT current_timestamp() ON UPDATE current_timestamp()
) ENGINE=InnoDB DEFAULT CHARSET=utf8mb4 COLLATE=utf8mb4_general_ci;

--
-- Dumping data for table `core_values`
--

INSERT INTO `core_values` (`core_id`, `about_id`, `core_title`, `subtitle`, `core_description`, `order`, `core_last_updated`) VALUES
(1, 3, 'Excellence', 'Learning to Soar', 'We are an exemplary learning community that educates learners to achieve their best.', 1, '2025-02-11 04:28:50'),
(2, 3, 'Integrity', 'Seeking Truth Always', 'We stand for what is just and right. We shape learners with character and humor.', 2, '2025-01-25 13:55:40'),
(3, 3, 'Respect', 'Every Student Matter', 'We educate learners in the richness of their past, the diversity of their present, and the possibilities of their future.', 3, '2025-01-25 13:55:40'),
(4, 3, 'Responsibility', 'Leaders Grow Here', 'We develop responsible learners who are actively growing and helping one another succeed.', 4, '2025-01-25 13:55:40');

-- --------------------------------------------------------

--
-- Table structure for table `employee_schedule`
--

CREATE TABLE `employee_schedule` (
  `employee_id` int(11) NOT NULL,
  `name` varchar(100) NOT NULL,
  `department` varchar(100) DEFAULT NULL,
  `position` enum('teaching','non-teaching') NOT NULL
) ENGINE=InnoDB DEFAULT CHARSET=utf8mb4 COLLATE=utf8mb4_general_ci;

--
-- Dumping data for table `employee_schedule`
--

INSERT INTO `employee_schedule` (`employee_id`, `name`, `department`, `position`) VALUES
(26, 'Lovelie Joy Corpuz', 'Elementary', 'teaching'),
(27, 'Ivy Rose Lagmay', 'Elementary', 'teaching'),
(28, 'Rachelle Rivera', 'Elementary', 'teaching'),
(31, 'Rose Soriano', 'Elementary', 'teaching'),
(32, 'Rhigel Beligan', 'Elementary', 'teaching'),
(33, 'Ericka Mae Valdez', 'Elementary', 'teaching'),
(55, 'Maria Vanessa D, Pablo', 'K-10', 'teaching'),
(56, 'Almina Mendoza', 'K-10', 'teaching'),
(57, 'Elsie Engaran', 'K-10', 'teaching'),
(58, 'Irish Lastimosa', 'K-10', 'teaching'),
(60, 'Judy Lyn Gumangan', 'K-10', 'teaching'),
(61, 'Shenlyn Mendoza', 'K-10', 'teaching'),
(62, 'Naome Balonzo', 'K-10', 'teaching'),
(63, 'Melissa Ann Pasion', 'K-10', 'teaching'),
(64, 'Frinz Adriane Valdez', 'K-10', 'teaching'),
(65, 'Princess Ann Pangilingan', 'K-10', 'teaching'),
(66, 'Donnalyn Marzan', 'K-10', 'teaching'),
(67, 'Marlon V. Nolong', 'K-10', 'teaching'),
(68, 'Cristopher Bagsican', 'K-10', 'teaching'),
(70, 'Christine Joy G. Babasoro', 'K-10', 'teaching'),
(75, 'Crystal Manuel', 'K-10', 'teaching'),
(76, 'Johanne May L. Babasoro', 'K-10', 'teaching'),
(77, 'Angelita M. Macam', 'K-10', 'teaching'),
(78, 'Aira Brillo', 'K-10', 'teaching');

-- --------------------------------------------------------

--
-- Table structure for table `feedback`
--

CREATE TABLE `feedback` (
  `id` int(11) NOT NULL,
  `name` varchar(100) NOT NULL,
  `message` text NOT NULL,
  `rating` int(1) NOT NULL,
  `created_at` timestamp NOT NULL DEFAULT current_timestamp()
) ENGINE=InnoDB DEFAULT CHARSET=utf8mb4 COLLATE=utf8mb4_general_ci;

--
-- Dumping data for table `feedback`
--

INSERT INTO `feedback` (`id`, `name`, `message`, `rating`, `created_at`) VALUES
(26, 'admin', 'wedrfghjk', 4, '2025-01-30 01:42:03'),
(27, 'Jessie bon Sanchez', 'yhujiko', 5, '2025-01-30 02:42:39'),
(29, 'ERTY', '5RTYUIO', 5, '2025-02-02 19:43:21');

-- --------------------------------------------------------

--
-- Table structure for table `navita`
--

CREATE TABLE `navita` (
  `navita_id` int(11) NOT NULL,
  `question` text NOT NULL,
  `answer` text DEFAULT NULL,
  `status` enum('pending','answered','rejected') DEFAULT 'pending',
  `date_created` timestamp NOT NULL DEFAULT current_timestamp(),
  `date_answered` timestamp NOT NULL DEFAULT '0000-00-00 00:00:00'
) ENGINE=InnoDB DEFAULT CHARSET=utf8mb4 COLLATE=utf8mb4_general_ci;

--
-- Dumping data for table `navita`
--

INSERT INTO `navita` (`navita_id`, `question`, `answer`, `status`, `date_created`, `date_answered`) VALUES
(44, 'Who is the President of Core Gateway College, Inc.', 'Dr. Danilo S. Vargas', 'answered', '2025-02-03 21:08:06', '2025-02-05 03:48:55'),
(47, 'w4wrsdf', '', 'pending', '2025-02-05 03:18:52', '2025-02-05 03:18:52');

-- --------------------------------------------------------

--
-- Table structure for table `real_time_schedule`
--

CREATE TABLE `real_time_schedule` (
  `real_time_schedule_id` int(11) NOT NULL,
  `room_id` int(11) NOT NULL,
  `time_in` time NOT NULL,
  `time_out` time DEFAULT NULL,
  `day` enum('Mon','Tue','Wed','Thu','Fri','Sat') NOT NULL,
  `subject` varchar(100) DEFAULT NULL,
  `employee_id` int(11) DEFAULT NULL,
  `position` enum('teaching','non-teaching') NOT NULL
) ENGINE=InnoDB DEFAULT CHARSET=utf8mb4 COLLATE=utf8mb4_general_ci;

--
-- Dumping data for table `real_time_schedule`
--

INSERT INTO `real_time_schedule` (`real_time_schedule_id`, `room_id`, `time_in`, `time_out`, `day`, `subject`, `employee_id`, `position`) VALUES
(55, 107, '08:00:00', '09:00:00', 'Mon', 'Filipino 3', 26, 'teaching'),
(56, 107, '08:00:00', '09:00:00', 'Tue', 'Filipino 3', 26, 'teaching'),
(57, 107, '08:00:00', '09:00:00', 'Wed', 'Filipino 3', 26, 'teaching'),
(58, 107, '08:00:00', '09:00:00', 'Thu', 'Filipino 3', 26, 'teaching'),
(59, 107, '08:00:00', '09:00:00', 'Fri', 'Filipino 3', 26, 'teaching'),
(60, 107, '09:30:00', '10:30:00', 'Mon', 'Filipino 2', 26, 'teaching'),
(61, 107, '09:30:00', '10:30:00', 'Tue', 'Filipino 2', 26, 'teaching'),
(62, 107, '09:30:00', '10:30:00', 'Wed', 'Filipino 2', 26, 'teaching'),
(63, 107, '09:30:00', '10:30:00', 'Thu', 'Filipino 2', 26, 'teaching'),
(64, 107, '09:30:00', '10:30:00', 'Fri', 'Filipino 2', 26, 'teaching'),
(65, 107, '10:30:00', '11:30:00', 'Mon', 'English 1', 26, 'teaching'),
(66, 107, '10:30:00', '11:30:00', 'Tue', 'English 1', 26, 'teaching'),
(67, 107, '10:30:00', '11:30:00', 'Wed', 'English 1', 26, 'teaching'),
(68, 107, '10:30:00', '11:30:00', 'Thu', 'English 1', 26, 'teaching'),
(69, 107, '10:30:00', '11:30:00', 'Fri', 'English 1', 26, 'teaching'),
(70, 107, '13:00:00', '14:00:00', 'Mon', 'Filipino 1', 26, 'teaching'),
(71, 107, '13:00:00', '14:00:00', 'Tue', 'Filipino 1', 26, 'teaching'),
(72, 107, '13:00:00', '14:00:00', 'Wed', 'Filipino 1', 26, 'teaching'),
(73, 107, '13:00:00', '14:00:00', 'Thu', 'Filipino 1', 26, 'teaching'),
(74, 107, '13:00:00', '14:00:00', 'Fri', 'Filipino 1', 26, 'teaching'),
(75, 107, '14:00:00', '15:00:00', 'Mon', 'MAPEH 1', 26, 'teaching'),
(76, 107, '14:00:00', '15:00:00', 'Tue', 'MAPEH 1', 26, 'teaching'),
(77, 107, '14:00:00', '15:00:00', 'Wed', 'MAPEH 1', 26, 'teaching'),
(78, 107, '14:00:00', '15:00:00', 'Thu', 'MAPEH 1', 26, 'teaching'),
(79, 107, '14:00:00', '15:00:00', 'Fri', 'MAPEH 1', 26, 'teaching'),
(80, 107, '15:00:00', '17:00:00', 'Mon', 'Writing/MT 2', 26, 'teaching'),
(81, 107, '15:00:00', '17:00:00', 'Tue', 'Writing/MT 2', 26, 'teaching'),
(82, 107, '15:00:00', '17:00:00', 'Wed', 'Writing/MT 2', 26, 'teaching'),
(83, 107, '15:00:00', '17:00:00', 'Thu', 'Writing/MT 2', 26, 'teaching'),
(84, 107, '15:00:00', '17:00:00', 'Fri', 'Writing/MT 2', 26, 'teaching'),
(85, 106, '19:30:00', '08:00:00', 'Mon', 'ESP 2', 27, 'teaching'),
(86, 106, '19:30:00', '08:00:00', 'Tue', 'ESP 2', 27, 'teaching'),
(87, 106, '19:30:00', '08:00:00', 'Wed', 'ESP 2', 27, 'teaching'),
(88, 106, '19:30:00', '08:00:00', 'Thu', 'ESP 2', 27, 'teaching'),
(89, 106, '19:30:00', '08:00:00', 'Fri', 'ESP 2', 27, 'teaching'),
(90, 106, '08:00:00', '09:00:00', 'Mon', 'MAPEH 2', 27, 'teaching'),
(91, 106, '08:00:00', '09:00:00', 'Tue', 'MAPEH 2', 27, 'teaching'),
(92, 106, '08:00:00', '09:00:00', 'Wed', 'MAPEH 2', 27, 'teaching'),
(93, 106, '08:00:00', '09:00:00', 'Thu', 'MAPEH 2', 27, 'teaching'),
(94, 106, '08:00:00', '09:00:00', 'Fri', 'MAPEH 2', 27, 'teaching'),
(95, 106, '09:30:00', '10:10:00', 'Mon', 'AP 4', 27, 'teaching'),
(96, 106, '09:30:00', '10:10:00', 'Tue', 'AP 4', 27, 'teaching'),
(97, 106, '09:30:00', '10:10:00', 'Wed', 'AP 4', 27, 'teaching'),
(98, 106, '09:30:00', '10:10:00', 'Thu', 'AP 4', 27, 'teaching'),
(99, 106, '09:30:00', '10:10:00', 'Fri', 'AP 4', 27, 'teaching'),
(100, 106, '10:10:00', '10:50:00', 'Mon', 'EPP 4', 27, 'teaching'),
(101, 106, '10:10:00', '10:50:00', 'Tue', 'EPP 4', 27, 'teaching'),
(102, 106, '10:10:00', '10:50:00', 'Wed', 'EPP 4', 27, 'teaching'),
(103, 106, '10:10:00', '10:50:00', 'Thu', 'EPP 4', 27, 'teaching'),
(104, 106, '10:10:00', '10:50:00', 'Fri', 'EPP 4', 27, 'teaching'),
(105, 106, '10:50:00', '11:30:00', 'Mon', 'MAPEH 4', 27, 'teaching'),
(106, 106, '10:50:00', '11:30:00', 'Tue', 'MAPEH 4', 27, 'teaching'),
(107, 106, '10:50:00', '11:30:00', 'Wed', 'MAPEH 4', 27, 'teaching'),
(108, 106, '10:50:00', '11:30:00', 'Thu', 'MAPEH 4', 27, 'teaching'),
(109, 106, '10:50:00', '11:30:00', 'Fri', 'MAPEH 4', 27, 'teaching'),
(110, 106, '14:00:00', '14:40:00', 'Mon', 'AP 3', 27, 'teaching'),
(111, 106, '14:00:00', '14:40:00', 'Tue', 'AP 3', 27, 'teaching'),
(112, 106, '14:00:00', '14:40:00', 'Wed', 'AP 3', 27, 'teaching'),
(113, 106, '14:00:00', '14:40:00', 'Thu', 'AP 3', 27, 'teaching'),
(114, 106, '14:00:00', '14:40:00', 'Fri', 'AP 3', 27, 'teaching'),
(115, 106, '14:40:00', '15:30:00', 'Mon', 'MT 3', 27, 'teaching'),
(116, 106, '14:40:00', '15:30:00', 'Tue', 'MT 3', 27, 'teaching'),
(117, 106, '14:40:00', '15:30:00', 'Wed', 'MT 3', 27, 'teaching'),
(118, 106, '14:40:00', '15:30:00', 'Thu', 'MT 3', 27, 'teaching'),
(119, 106, '14:40:00', '15:30:00', 'Fri', 'MT 3', 27, 'teaching'),
(120, 105, '07:30:00', '08:00:00', 'Mon', 'ESP 3', 28, 'teaching'),
(121, 105, '07:30:00', '08:00:00', 'Tue', 'ESP 3', 28, 'teaching'),
(122, 105, '07:30:00', '08:00:00', 'Wed', 'ESP 3', 28, 'teaching'),
(123, 105, '07:30:00', '08:00:00', 'Thu', 'ESP 3', 28, 'teaching'),
(124, 105, '08:00:00', '09:00:00', 'Mon', 'Science 4', 28, 'teaching'),
(125, 105, '08:00:00', '09:00:00', 'Tue', 'Science 4', 28, 'teaching'),
(126, 105, '08:00:00', '09:00:00', 'Wed', 'Science 4', 28, 'teaching'),
(127, 105, '08:00:00', '09:00:00', 'Thu', 'Science 4', 28, 'teaching'),
(128, 105, '09:30:00', '10:30:00', 'Mon', 'Science 5', 28, 'teaching'),
(129, 105, '09:30:00', '10:30:00', 'Tue', 'Science 5', 28, 'teaching'),
(130, 105, '09:30:00', '10:30:00', 'Wed', 'Science 5', 28, 'teaching'),
(131, 105, '09:30:00', '10:30:00', 'Thu', 'Science 5', 28, 'teaching'),
(132, 105, '09:30:00', '10:30:00', 'Fri', 'Science 5', 28, 'teaching'),
(133, 105, '10:30:00', '11:30:00', 'Mon', 'Science 3', 28, 'teaching'),
(134, 105, '10:30:00', '11:30:00', 'Tue', 'Science 3', 28, 'teaching'),
(135, 105, '10:30:00', '11:30:00', 'Wed', 'Science 3', 28, 'teaching'),
(136, 105, '10:30:00', '11:30:00', 'Thu', 'Science 3', 28, 'teaching'),
(137, 105, '10:30:00', '11:30:00', 'Fri', 'Science 3', 28, 'teaching'),
(138, 105, '13:00:00', '14:00:00', 'Mon', 'Science 6', 28, 'teaching'),
(139, 105, '13:00:00', '14:00:00', 'Tue', 'Science 6', 28, 'teaching'),
(140, 105, '13:00:00', '14:00:00', 'Wed', 'Science 6', 28, 'teaching'),
(141, 105, '13:00:00', '14:00:00', 'Thu', 'Science 6', 28, 'teaching'),
(142, 105, '13:00:00', '14:00:00', 'Fri', 'Science 6', 28, 'teaching'),
(143, 105, '15:00:00', '16:00:00', 'Mon', 'Writing / MT 1', 28, 'teaching'),
(144, 105, '15:00:00', '16:00:00', 'Tue', 'Writing / MT 1', 28, 'teaching'),
(145, 105, '15:00:00', '16:00:00', 'Wed', 'Writing / MT 1', 28, 'teaching'),
(146, 105, '15:00:00', '16:00:00', 'Thu', 'Writing / MT 1', 28, 'teaching'),
(147, 105, '15:00:00', '16:00:00', 'Fri', 'Writing / MT 1', 28, 'teaching'),
(163, 104, '07:30:00', '08:00:00', 'Mon', 'ESP 4', 31, 'teaching'),
(164, 104, '07:30:00', '08:00:00', 'Tue', 'ESP 4', 31, 'teaching'),
(165, 104, '07:30:00', '08:00:00', 'Wed', 'ESP 4', 31, 'teaching'),
(166, 104, '07:30:00', '08:00:00', 'Thu', 'ESP 4', 31, 'teaching'),
(167, 104, '07:30:00', '08:00:00', 'Fri', 'ESP 4', 31, 'teaching'),
(168, 104, '09:30:00', '10:30:00', 'Mon', 'Math 1', 31, 'teaching'),
(169, 104, '09:30:00', '10:30:00', 'Tue', 'Math 1', 31, 'teaching'),
(170, 104, '09:30:00', '10:30:00', 'Wed', 'Math 1', 31, 'teaching'),
(171, 104, '09:30:00', '10:30:00', 'Thu', 'Math 1', 31, 'teaching'),
(172, 104, '09:30:00', '10:30:00', 'Fri', 'Math 1', 31, 'teaching'),
(173, 104, '10:30:00', '11:29:00', 'Mon', 'Filipino 5', 31, 'teaching'),
(174, 104, '10:30:00', '11:29:00', 'Tue', 'Filipino 5', 31, 'teaching'),
(175, 104, '10:30:00', '11:29:00', 'Wed', 'Filipino 5', 31, 'teaching'),
(176, 104, '10:30:00', '11:29:00', 'Thu', 'Filipino 5', 31, 'teaching'),
(177, 104, '10:30:00', '11:29:00', 'Fri', 'Filipino 5', 31, 'teaching'),
(178, 104, '13:00:00', '14:00:00', 'Mon', 'AP 2', 31, 'teaching'),
(179, 104, '13:00:00', '14:00:00', 'Tue', 'AP 2', 31, 'teaching'),
(180, 104, '13:00:00', '14:00:00', 'Wed', 'AP 2', 31, 'teaching'),
(181, 104, '13:00:00', '14:00:00', 'Thu', 'AP 2', 31, 'teaching'),
(182, 104, '13:00:00', '14:00:00', 'Fri', 'AP 2', 31, 'teaching'),
(183, 104, '14:00:00', '15:00:00', 'Mon', 'Filipino 6', 31, 'teaching'),
(184, 104, '14:00:00', '15:00:00', 'Tue', 'Filipino 6', 31, 'teaching'),
(185, 104, '14:00:00', '15:00:00', 'Wed', 'Filipino 6', 31, 'teaching'),
(186, 104, '14:00:00', '15:00:00', 'Thu', 'Filipino 6', 31, 'teaching'),
(187, 104, '14:00:00', '15:00:00', 'Fri', 'Filipino 6', 31, 'teaching'),
(188, 104, '15:00:00', '16:00:00', 'Mon', 'Filipino 4', 31, 'teaching'),
(189, 104, '15:00:00', '16:00:00', 'Tue', 'Filipino 4', 31, 'teaching'),
(190, 104, '15:00:00', '16:00:00', 'Wed', 'Filipino 4', 31, 'teaching'),
(191, 104, '15:00:00', '16:00:00', 'Thu', 'Filipino 4', 31, 'teaching'),
(192, 104, '15:00:00', '16:00:00', 'Fri', 'Filipino 4', 31, 'teaching'),
(193, 103, '07:30:00', '08:00:00', 'Mon', 'ESP 5', 32, 'teaching'),
(194, 103, '07:30:00', '08:00:00', 'Tue', 'ESP 5', 32, 'teaching'),
(195, 103, '07:30:00', '08:00:00', 'Wed', 'ESP 5', 32, 'teaching'),
(196, 103, '07:30:00', '08:00:00', 'Thu', 'ESP 5', 32, 'teaching'),
(197, 103, '07:30:00', '08:00:00', 'Fri', 'ESP 5', 32, 'teaching'),
(198, 103, '08:00:00', '09:00:00', 'Mon', 'Math 6', 32, 'teaching'),
(199, 103, '08:00:00', '09:00:00', 'Tue', 'Math 6', 32, 'teaching'),
(200, 103, '08:00:00', '09:00:00', 'Wed', 'Math 6', 32, 'teaching'),
(201, 103, '08:00:00', '09:00:00', 'Thu', 'Math 6', 32, 'teaching'),
(202, 103, '08:00:00', '09:00:00', 'Fri', 'Math 6', 32, 'teaching'),
(203, 103, '09:30:00', '10:30:00', 'Mon', 'Math 3', 32, 'teaching'),
(204, 103, '09:30:00', '10:30:00', 'Tue', 'Math 3', 32, 'teaching'),
(205, 103, '09:30:00', '10:30:00', 'Wed', 'Math 3', 32, 'teaching'),
(206, 103, '09:30:00', '10:30:00', 'Thu', 'Math 3', 32, 'teaching'),
(207, 103, '09:30:00', '10:30:00', 'Fri', 'Math 3', 32, 'teaching'),
(208, 103, '13:00:00', '14:00:00', 'Mon', 'Math 4', 32, 'teaching'),
(209, 103, '13:00:00', '14:00:00', 'Tue', 'Math 4', 32, 'teaching'),
(210, 103, '13:00:00', '14:00:00', 'Wed', 'Math 4', 32, 'teaching'),
(211, 103, '13:00:00', '14:00:00', 'Thu', 'Math 4', 32, 'teaching'),
(212, 103, '13:00:00', '14:00:00', 'Fri', 'Math 4', 32, 'teaching'),
(213, 103, '14:00:00', '15:00:00', 'Mon', 'Math 2', 32, 'teaching'),
(214, 103, '14:00:00', '15:00:00', 'Tue', 'Math 2', 32, 'teaching'),
(215, 103, '14:00:00', '15:00:00', 'Wed', 'Math 2', 32, 'teaching'),
(216, 103, '14:00:00', '15:00:00', 'Thu', 'Math 2', 32, 'teaching'),
(217, 103, '14:00:00', '15:00:00', 'Fri', 'Math 2', 32, 'teaching'),
(218, 103, '15:00:00', '16:00:00', 'Mon', 'Math 5', 32, 'teaching'),
(219, 103, '15:00:00', '16:00:00', 'Tue', 'Math 5', 32, 'teaching'),
(220, 103, '15:00:00', '16:00:00', 'Wed', 'Math 5', 32, 'teaching'),
(221, 103, '15:00:00', '16:00:00', 'Thu', 'Math 5', 32, 'teaching'),
(222, 103, '15:00:00', '16:00:00', 'Fri', 'Math 5', 32, 'teaching'),
(223, 139, '07:30:00', '08:00:00', 'Mon', 'ESP 6', 33, 'teaching'),
(224, 139, '07:30:00', '08:00:00', 'Tue', 'ESP 6', 33, 'teaching'),
(225, 139, '07:30:00', '08:00:00', 'Wed', 'ESP 6', 33, 'teaching'),
(226, 139, '07:30:00', '08:00:00', 'Thu', 'ESP 6', 33, 'teaching'),
(227, 139, '07:30:00', '08:00:00', 'Fri', 'ESP 6', 33, 'teaching'),
(228, 139, '08:00:00', '10:00:00', 'Mon', 'English 5', 33, 'teaching'),
(229, 139, '08:00:00', '10:00:00', 'Tue', 'English 5', 33, 'teaching'),
(230, 139, '08:00:00', '10:00:00', 'Wed', 'English 5', 33, 'teaching'),
(231, 139, '08:00:00', '10:00:00', 'Thu', 'English 5', 33, 'teaching'),
(232, 139, '08:00:00', '10:00:00', 'Fri', 'English 5', 33, 'teaching'),
(233, 139, '10:30:00', '11:30:00', 'Mon', 'English 2', 33, 'teaching'),
(234, 139, '10:30:00', '11:30:00', 'Tue', 'English 2', 33, 'teaching'),
(235, 139, '10:30:00', '11:30:00', 'Wed', 'English 2', 33, 'teaching'),
(236, 139, '10:30:00', '11:30:00', 'Thu', 'English 2', 33, 'teaching'),
(237, 139, '10:30:00', '11:30:00', 'Fri', 'English 2', 33, 'teaching'),
(238, 139, '13:00:00', '14:00:00', 'Mon', 'English 3', 33, 'teaching'),
(239, 139, '13:00:00', '14:00:00', 'Tue', 'English 3', 33, 'teaching'),
(240, 139, '13:00:00', '14:00:00', 'Wed', 'English 3', 33, 'teaching'),
(241, 139, '13:00:00', '14:00:00', 'Thu', 'English 3', 33, 'teaching'),
(242, 139, '13:00:00', '14:00:00', 'Fri', 'English 3', 33, 'teaching'),
(243, 139, '14:00:00', '15:00:00', 'Mon', 'English 4', 33, 'teaching'),
(244, 139, '14:00:00', '15:00:00', 'Tue', 'English 4', 33, 'teaching'),
(245, 139, '14:00:00', '15:00:00', 'Wed', 'English 4', 33, 'teaching'),
(246, 139, '14:00:00', '15:00:00', 'Thu', 'English 4', 33, 'teaching'),
(247, 139, '14:00:00', '15:00:00', 'Fri', 'English 4', 33, 'teaching'),
(248, 139, '15:00:00', '16:00:00', 'Mon', 'English 6', 33, 'teaching'),
(249, 139, '15:00:00', '16:00:00', 'Tue', 'English 6', 33, 'teaching'),
(250, 139, '15:00:00', '16:00:00', 'Wed', 'English 6', 33, 'teaching'),
(251, 139, '15:00:00', '16:00:00', 'Thu', 'English 6', 33, 'teaching'),
(252, 139, '15:00:00', '16:00:00', 'Fri', 'English 6', 33, 'teaching'),
(696, 115, '07:30:00', '08:30:00', 'Mon', 'AP 7', 55, 'teaching'),
(697, 115, '07:30:00', '08:30:00', 'Tue', 'AP 7', 55, 'teaching'),
(698, 115, '07:30:00', '08:30:00', 'Wed', 'AP 7', 55, 'teaching'),
(699, 115, '07:30:00', '08:30:00', 'Thu', 'AP 7', 55, 'teaching'),
(700, 117, '10:00:00', '11:00:00', 'Tue', 'AP 7', 55, 'teaching'),
(701, 117, '10:00:00', '11:00:00', 'Wed', 'AP 7', 55, 'teaching'),
(702, 117, '10:00:00', '11:00:00', 'Thu', 'AP 7', 55, 'teaching'),
(703, 117, '10:00:00', '11:00:00', 'Fri', 'AP 7', 55, 'teaching'),
(704, 116, '11:00:00', '12:00:00', 'Mon', 'AP 7', 55, 'teaching'),
(705, 116, '11:00:00', '12:00:00', 'Wed', 'AP 7', 55, 'teaching'),
(706, 116, '11:00:00', '12:00:00', 'Thu', 'AP 7', 55, 'teaching'),
(707, 116, '11:00:00', '12:00:00', 'Fri', 'AP 7', 55, 'teaching'),
(708, 114, '01:00:00', '14:00:00', 'Mon', 'AP 7', 55, 'teaching'),
(709, 114, '01:00:00', '14:00:00', 'Tue', 'AP 7', 55, 'teaching'),
(710, 114, '01:00:00', '14:00:00', 'Wed', 'AP 7', 55, 'teaching'),
(711, 114, '01:00:00', '14:00:00', 'Thu', 'AP 7', 55, 'teaching'),
(712, 113, '14:00:00', '15:00:00', 'Mon', 'AP 7', 55, 'teaching'),
(713, 113, '14:00:00', '15:00:00', 'Tue', 'AP 7', 55, 'teaching'),
(714, 113, '14:00:00', '15:00:00', 'Wed', 'AP 7', 55, 'teaching'),
(715, 113, '14:00:00', '15:00:00', 'Thu', 'AP 7', 55, 'teaching'),
(716, 110, '15:00:00', '16:00:00', 'Mon', 'AP 8', 55, 'teaching'),
(717, 110, '15:00:00', '16:00:00', 'Tue', 'AP 8', 55, 'teaching'),
(718, 110, '15:00:00', '16:00:00', 'Wed', 'AP 8', 55, 'teaching'),
(719, 110, '15:00:00', '16:00:00', 'Thu', 'AP 8', 55, 'teaching'),
(720, 117, '07:30:00', '08:30:00', 'Mon', 'SCI 7', 56, 'teaching'),
(721, 117, '07:30:00', '08:30:00', 'Tue', 'SCI 7', 56, 'teaching'),
(722, 117, '07:30:00', '08:30:00', 'Wed', 'SCI 7', 56, 'teaching'),
(723, 117, '07:30:00', '08:30:00', 'Fri', 'SCI 7', 56, 'teaching'),
(724, 115, '09:00:00', '10:00:00', 'Mon', 'SCI 7', 56, 'teaching'),
(725, 115, '09:00:00', '10:00:00', 'Tue', 'SCI 7', 56, 'teaching'),
(726, 115, '09:00:00', '10:00:00', 'Thu', 'SCI 7', 56, 'teaching'),
(727, 115, '09:00:00', '10:00:00', 'Fri', 'SCI 7', 56, 'teaching'),
(728, 116, '10:00:00', '11:00:00', 'Mon', 'SCI 7', 56, 'teaching'),
(729, 116, '10:00:00', '11:00:00', 'Tue', 'SCI 7', 56, 'teaching'),
(730, 116, '10:00:00', '11:00:00', 'Wed', 'SCI 7', 56, 'teaching'),
(731, 116, '10:00:00', '11:00:00', 'Thu', 'SCI 7', 56, 'teaching'),
(732, 110, '11:00:00', '12:00:00', 'Mon', 'SCI 8', 56, 'teaching'),
(733, 110, '11:00:00', '12:00:00', 'Wed', 'SCI 8', 56, 'teaching'),
(734, 110, '11:00:00', '12:00:00', 'Thu', 'SCI 8', 56, 'teaching'),
(735, 110, '11:00:00', '12:00:00', 'Fri', 'SCI 8', 56, 'teaching'),
(736, 113, '13:00:00', '14:00:00', 'Mon', 'SCI 7', 56, 'teaching'),
(737, 113, '13:00:00', '14:00:00', 'Tue', 'SCI 7', 56, 'teaching'),
(738, 113, '13:00:00', '14:00:00', 'Wed', 'SCI 7', 56, 'teaching'),
(739, 113, '13:00:00', '14:00:00', 'Thu', 'SCI 7', 56, 'teaching'),
(740, 116, '14:00:00', '15:00:00', 'Mon', 'SCI 7', 56, 'teaching'),
(741, 116, '14:00:00', '15:00:00', 'Tue', 'SCI 7', 56, 'teaching'),
(742, 116, '14:00:00', '15:00:00', 'Wed', 'SCI 7', 56, 'teaching'),
(743, 116, '14:00:00', '15:00:00', 'Thu', 'SCI 7', 56, 'teaching'),
(744, 102, '07:30:00', '08:30:00', 'Tue', 'ESP 10', 57, 'teaching'),
(745, 138, '07:30:00', '08:30:00', 'Wed', 'ESP 10', 57, 'teaching'),
(746, 135, '07:30:00', '08:30:00', 'Thu', 'ESP 10', 57, 'teaching'),
(747, 101, '07:30:00', '08:30:00', 'Fri', 'ESP 10', 57, 'teaching'),
(748, 135, '08:30:00', '09:00:00', 'Tue', 'ESP 10', 57, 'teaching'),
(749, 116, '09:00:00', '10:00:00', 'Mon', 'FIL 7', 57, 'teaching'),
(750, 116, '09:00:00', '10:00:00', 'Wed', 'FIL 7', 57, 'teaching'),
(751, 116, '09:00:00', '10:00:00', 'Thu', 'FIL 7', 57, 'teaching'),
(752, 116, '09:00:00', '10:00:00', 'Fri', 'FIL 7', 57, 'teaching'),
(753, 138, '10:00:00', '11:00:00', 'Mon', 'ESP 10', 57, 'teaching'),
(754, 101, '10:00:00', '11:00:00', 'Thu', 'ESP 10', 57, 'teaching'),
(755, 102, '10:00:00', '11:00:00', 'Fri', 'ESP 10', 57, 'teaching'),
(756, 120, '11:00:00', '12:00:00', 'Fri', 'FIL 9', 57, 'teaching'),
(757, 116, '13:00:00', '14:00:00', 'Mon', 'FIL 7', 57, 'teaching'),
(758, 116, '13:00:00', '14:00:00', 'Tue', 'FIL 7', 57, 'teaching'),
(759, 116, '13:00:00', '14:00:00', 'Wed', 'FIL 7', 57, 'teaching'),
(760, 116, '13:00:00', '14:00:00', 'Thu', 'FIL 7', 57, 'teaching'),
(761, 121, '14:00:00', '15:00:00', 'Mon', 'FIL 9', 57, 'teaching'),
(762, 120, '14:00:00', '15:00:00', 'Tue', 'FIL 9', 57, 'teaching'),
(763, 120, '14:00:00', '15:00:00', 'Thu', 'FIL 9', 57, 'teaching'),
(764, 121, '15:00:00', '16:00:00', 'Tue', 'FIL 9', 57, 'teaching'),
(765, 121, '15:00:00', '16:00:00', 'Wed', 'FIL 9', 57, 'teaching'),
(766, 121, '15:00:00', '16:00:00', 'Thu', 'FIL 9', 57, 'teaching'),
(767, 114, '07:30:00', '08:30:00', 'Mon', 'Math 7', 58, 'teaching'),
(768, 114, '07:30:00', '08:30:00', 'Tue', 'Math 7', 58, 'teaching'),
(769, 114, '07:30:00', '08:30:00', 'Wed', 'Math 7', 58, 'teaching'),
(770, 114, '07:30:00', '08:30:00', 'Thu', 'Math 7', 58, 'teaching'),
(771, 116, '09:00:00', '10:00:00', 'Mon', 'Math 7', 58, 'teaching'),
(772, 116, '09:00:00', '10:00:00', 'Tue', 'Math 7', 58, 'teaching'),
(773, 116, '09:00:00', '10:00:00', 'Thu', 'Math 7', 58, 'teaching'),
(774, 116, '09:00:00', '10:00:00', 'Fri', 'Math 7', 58, 'teaching'),
(775, 115, '10:00:00', '11:11:00', 'Tue', 'Math 7', 58, 'teaching'),
(776, 115, '10:00:00', '11:11:00', 'Wed', 'Math 7', 58, 'teaching'),
(777, 115, '10:00:00', '11:11:00', 'Thu', 'Math 7', 58, 'teaching'),
(778, 115, '10:00:00', '11:11:00', 'Fri', 'Math 7', 58, 'teaching'),
(779, 117, '11:00:00', '12:00:00', 'Mon', 'Math 7', 58, 'teaching'),
(780, 117, '11:00:00', '12:00:00', 'Tue', 'Math 7', 58, 'teaching'),
(781, 117, '11:00:00', '12:00:00', 'Wed', 'Math 7', 58, 'teaching'),
(782, 117, '11:00:00', '12:00:00', 'Fri', 'Math 7', 58, 'teaching'),
(783, 110, '14:00:00', '15:00:00', 'Mon', 'Math 8', 58, 'teaching'),
(784, 110, '14:00:00', '15:00:00', 'Tue', 'Math 8', 58, 'teaching'),
(785, 110, '14:00:00', '15:00:00', 'Wed', 'Math 8', 58, 'teaching'),
(786, 110, '14:00:00', '15:00:00', 'Thu', 'Math 8', 58, 'teaching'),
(787, 113, '15:00:00', '16:00:00', 'Mon', 'Math 7', 58, 'teaching'),
(788, 113, '15:00:00', '16:00:00', 'Tue', 'Math 7', 58, 'teaching'),
(789, 113, '15:00:00', '16:00:00', 'Wed', 'Math 7', 58, 'teaching'),
(790, 113, '15:00:00', '16:00:00', 'Thu', 'Math 7', 58, 'teaching'),
(795, 113, '07:30:00', '08:30:00', 'Mon', 'TLE 7', 60, 'teaching'),
(796, 113, '07:30:00', '08:30:00', 'Tue', 'TLE 7', 60, 'teaching'),
(797, 113, '07:30:00', '08:30:00', 'Wed', 'TLE 7', 60, 'teaching'),
(798, 113, '07:30:00', '08:30:00', 'Thu', 'TLE 7', 60, 'teaching'),
(799, 114, '10:00:00', '11:00:00', 'Tue', 'TLE 7', 60, 'teaching'),
(800, 114, '10:00:00', '11:00:00', 'Wed', 'TLE 7', 60, 'teaching'),
(801, 114, '10:00:00', '11:00:00', 'Thu', 'TLE 7', 60, 'teaching'),
(802, 114, '10:00:00', '11:00:00', 'Fri', 'TLE 7', 60, 'teaching'),
(803, 115, '11:00:00', '12:00:00', 'Mon', 'TLE 7', 60, 'teaching'),
(804, 115, '11:00:00', '12:00:00', 'Tue', 'TLE 7', 60, 'teaching'),
(805, 115, '11:00:00', '12:00:00', 'Thu', 'TLE 7', 60, 'teaching'),
(806, 115, '11:00:00', '12:00:00', 'Fri', 'TLE 7', 60, 'teaching'),
(807, 110, '13:00:00', '14:00:00', 'Mon', 'TLE 8', 60, 'teaching'),
(808, 110, '13:00:00', '14:00:00', 'Tue', 'TLE 8', 60, 'teaching'),
(809, 110, '13:00:00', '14:00:00', 'Wed', 'TLE 8', 60, 'teaching'),
(810, 110, '13:00:00', '14:00:00', 'Thu', 'TLE 8', 60, 'teaching'),
(811, 116, '14:00:00', '15:00:00', 'Mon', 'TLE 7', 60, 'teaching'),
(812, 116, '14:00:00', '15:00:00', 'Tue', 'TLE 7', 60, 'teaching'),
(813, 116, '14:00:00', '15:00:00', 'Wed', 'TLE 7', 60, 'teaching'),
(814, 116, '14:00:00', '15:00:00', 'Thu', 'TLE 7', 60, 'teaching'),
(815, 117, '15:00:00', '16:00:00', 'Mon', 'TLE 7', 60, 'teaching'),
(816, 117, '15:00:00', '16:00:00', 'Tue', 'TLE 7', 60, 'teaching'),
(817, 117, '15:00:00', '16:00:00', 'Wed', 'TLE 7', 60, 'teaching'),
(818, 117, '15:00:00', '16:00:00', 'Thu', 'TLE 7', 60, 'teaching'),
(819, 110, '07:30:00', '08:30:00', 'Mon', 'Eng. 8', 61, 'teaching'),
(820, 110, '07:30:00', '08:30:00', 'Tue', 'Eng. 8', 61, 'teaching'),
(821, 110, '07:30:00', '08:30:00', 'Thu', 'Eng. 8', 61, 'teaching'),
(822, 110, '07:30:00', '08:30:00', 'Fri', 'Eng. 8', 61, 'teaching'),
(823, 120, '07:30:00', '08:30:00', 'Wed', 'Eng. 9', 61, 'teaching'),
(824, 112, '09:00:00', '10:00:00', 'Tue', 'Eng. 8', 61, 'teaching'),
(825, 112, '09:00:00', '10:00:00', 'Wed', 'Eng. 8', 61, 'teaching'),
(826, 112, '09:00:00', '10:00:00', 'Thu', 'Eng. 8', 61, 'teaching'),
(827, 112, '09:00:00', '10:00:00', 'Fri', 'Eng. 8', 61, 'teaching'),
(828, 109, '10:00:00', '11:00:00', 'Mon', 'Eng. 8', 61, 'teaching'),
(829, 109, '10:00:00', '11:00:00', 'Tue', 'Eng. 8', 61, 'teaching'),
(830, 109, '10:00:00', '11:00:00', 'Thu', 'Eng. 8', 61, 'teaching'),
(831, 109, '10:00:00', '11:00:00', 'Fri', 'Eng. 8', 61, 'teaching'),
(832, 120, '11:00:00', '12:00:00', 'Mon', 'Eng. 9', 61, 'teaching'),
(833, 121, '11:00:00', '12:00:00', 'Tue', 'Eng. 9', 61, 'teaching'),
(834, 121, '11:00:00', '12:00:00', 'Wed', 'Eng. 9', 61, 'teaching'),
(835, 121, '11:00:00', '12:00:00', 'Thu', 'Eng. 9', 61, 'teaching'),
(836, 121, '11:00:00', '12:00:00', 'Fri', 'Eng. 9', 61, 'teaching'),
(837, 120, '13:00:00', '14:00:00', 'Tue', 'Eng. 9', 61, 'teaching'),
(838, 120, '13:00:00', '14:00:00', 'Thu', 'Eng. 9', 61, 'teaching'),
(839, 118, '14:00:00', '15:00:00', 'Mon', 'Eng. 9', 61, 'teaching'),
(840, 118, '14:00:00', '15:00:00', 'Tue', 'Eng. 9', 61, 'teaching'),
(841, 118, '14:00:00', '15:00:00', 'Wed', 'Eng. 9', 61, 'teaching'),
(842, 118, '14:00:00', '15:00:00', 'Thu', 'Eng. 9', 61, 'teaching'),
(843, 119, '15:00:00', '16:00:00', 'Mon', 'Eng. 9', 61, 'teaching'),
(844, 119, '15:00:00', '16:00:00', 'Tue', 'Eng. 9', 61, 'teaching'),
(845, 119, '15:00:00', '16:00:00', 'Wed', 'Eng. 9', 61, 'teaching'),
(846, 119, '15:00:00', '16:00:00', 'Thu', 'Eng. 9', 61, 'teaching'),
(847, 112, '07:30:00', '08:30:00', 'Mon', 'MAPEH 8', 62, 'teaching'),
(848, 112, '07:30:00', '08:30:00', 'Tue', 'MAPEH 8', 62, 'teaching'),
(849, 112, '07:30:00', '08:30:00', 'Wed', 'MAPEH 8', 62, 'teaching'),
(850, 112, '07:30:00', '08:30:00', 'Fri', 'MAPEH 8', 62, 'teaching'),
(851, 117, '09:00:00', '10:00:00', 'Tue', 'MAPEH 7', 62, 'teaching'),
(852, 117, '09:00:00', '10:00:00', 'Wed', 'MAPEH 7', 62, 'teaching'),
(853, 117, '09:00:00', '10:00:00', 'Thu', 'MAPEH 7', 62, 'teaching'),
(854, 117, '09:00:00', '10:00:00', 'Fri', 'MAPEH 7', 62, 'teaching'),
(855, 110, '10:00:00', '11:00:00', 'Mon', 'MAPEH 8', 62, 'teaching'),
(856, 110, '10:00:00', '11:00:00', 'Tue', 'MAPEH 8', 62, 'teaching'),
(857, 110, '10:00:00', '11:00:00', 'Wed', 'MAPEH 8', 62, 'teaching'),
(858, 110, '10:00:00', '11:00:00', 'Fri', 'MAPEH 8', 62, 'teaching'),
(859, 109, '11:00:00', '12:00:00', 'Mon', 'MAPEH 8', 62, 'teaching'),
(860, 109, '11:00:00', '12:00:00', 'Tue', 'MAPEH 8', 62, 'teaching'),
(861, 109, '11:00:00', '12:00:00', 'Thu', 'MAPEH 8', 62, 'teaching'),
(862, 109, '11:00:00', '12:00:00', 'Fri', 'MAPEH 8', 62, 'teaching'),
(863, 115, '14:00:00', '15:00:00', 'Mon', 'MAPEH 7', 62, 'teaching'),
(864, 115, '14:00:00', '15:00:00', 'Tue', 'MAPEH 7', 62, 'teaching'),
(865, 115, '14:00:00', '15:00:00', 'Wed', 'MAPEH 7', 62, 'teaching'),
(866, 115, '14:00:00', '15:00:00', 'Thu', 'MAPEH 7', 62, 'teaching'),
(867, 116, '15:00:00', '16:00:00', 'Mon', 'MAPEH 7', 62, 'teaching'),
(868, 116, '15:00:00', '16:00:00', 'Tue', 'MAPEH 7', 62, 'teaching'),
(869, 116, '15:00:00', '16:00:00', 'Wed', 'MAPEH 7', 62, 'teaching'),
(870, 116, '15:00:00', '16:00:00', 'Thu', 'MAPEH 7', 62, 'teaching'),
(871, 109, '07:30:00', '08:30:00', 'Mon', 'FIL 8', 63, 'teaching'),
(872, 109, '07:30:00', '08:30:00', 'Wed', 'FIL 8', 63, 'teaching'),
(873, 109, '07:30:00', '08:30:00', 'Thu', 'FIL 8', 63, 'teaching'),
(874, 109, '07:30:00', '08:30:00', 'Fri', 'FIL 8', 63, 'teaching'),
(875, 110, '09:00:00', '10:00:00', 'Mon', 'FIL 8', 63, 'teaching'),
(876, 110, '09:00:00', '10:00:00', 'Tue', 'FIL 8', 63, 'teaching'),
(877, 110, '09:00:00', '10:00:00', 'Wed', 'FIL 8', 63, 'teaching'),
(878, 110, '09:00:00', '10:00:00', 'Thu', 'FIL 8', 63, 'teaching'),
(879, 112, '10:00:00', '11:00:00', 'Mon', 'FIL 8', 63, 'teaching'),
(880, 112, '10:00:00', '11:00:00', 'Wed', 'FIL 8', 63, 'teaching'),
(881, 112, '10:00:00', '11:00:00', 'Thu', 'FIL 8', 63, 'teaching'),
(882, 112, '10:00:00', '11:00:00', 'Fri', 'FIL 8', 63, 'teaching'),
(883, 113, '11:00:00', '12:00:00', 'Mon', 'FIL 7', 63, 'teaching'),
(884, 113, '11:00:00', '12:00:00', 'Tue', 'FIL 7', 63, 'teaching'),
(885, 113, '11:00:00', '12:00:00', 'Wed', 'FIL 7', 63, 'teaching'),
(886, 113, '11:00:00', '12:00:00', 'Thu', 'FIL 7', 63, 'teaching'),
(887, 117, '13:00:00', '14:00:00', 'Mon', 'FIL 7', 63, 'teaching'),
(888, 117, '13:00:00', '14:00:00', 'Tue', 'FIL 7', 63, 'teaching'),
(889, 117, '13:00:00', '14:00:00', 'Wed', 'FIL 7', 63, 'teaching'),
(890, 117, '13:00:00', '14:00:00', 'Thu', 'FIL 7', 63, 'teaching'),
(891, 115, '15:00:00', '16:00:00', 'Mon', 'FIL 7', 63, 'teaching'),
(892, 115, '15:00:00', '16:00:00', 'Tue', 'FIL 7', 63, 'teaching'),
(893, 115, '15:00:00', '16:00:00', 'Wed', 'FIL 7', 63, 'teaching'),
(894, 115, '15:00:00', '16:00:00', 'Thu', 'FIL 7', 63, 'teaching'),
(895, 121, '07:30:00', '08:30:00', 'Mon', 'G9', 64, 'teaching'),
(896, 121, '07:30:00', '08:30:00', 'Tue', 'G9', 64, 'teaching'),
(897, 121, '07:30:00', '08:30:00', 'Wed', 'G9', 64, 'teaching'),
(898, 121, '07:30:00', '08:30:00', 'Thu', 'G9', 64, 'teaching'),
(899, 109, '09:00:00', '10:00:00', 'Mon', 'G8', 64, 'teaching'),
(900, 109, '09:00:00', '10:00:00', 'Tue', 'G8', 64, 'teaching'),
(901, 109, '09:00:00', '10:00:00', 'Wed', 'G8', 64, 'teaching'),
(902, 109, '09:00:00', '10:00:00', 'Fri', 'G8', 64, 'teaching'),
(903, 120, '10:00:00', '11:00:00', 'Mon', 'G9', 64, 'teaching'),
(904, 120, '11:00:00', '12:00:00', 'Tue', 'G9', 64, 'teaching'),
(905, 120, '11:00:00', '12:00:00', 'Wed', 'G9', 64, 'teaching'),
(906, 120, '11:00:00', '12:00:00', 'Thu', 'G9', 64, 'teaching'),
(907, 118, '13:00:00', '14:00:00', 'Mon', 'G9', 64, 'teaching'),
(908, 112, '14:00:00', '15:00:00', 'Mon', 'G8', 64, 'teaching'),
(909, 112, '14:00:00', '15:00:00', 'Tue', 'G8', 64, 'teaching'),
(910, 112, '14:00:00', '15:00:00', 'Wed', 'G8', 64, 'teaching'),
(911, 112, '14:00:00', '15:00:00', 'Thu', 'G8', 64, 'teaching'),
(912, 118, '10:00:00', '23:00:00', 'Tue', 'G9', 64, 'teaching'),
(913, 118, '10:00:00', '23:00:00', 'Wed', 'G9', 64, 'teaching'),
(914, 118, '10:00:00', '23:00:00', 'Fri', 'G9', 64, 'teaching'),
(915, 118, '07:30:00', '08:30:00', 'Mon', 'TLE 9', 65, 'teaching'),
(916, 118, '07:30:00', '08:30:00', 'Wed', 'TLE 9', 65, 'teaching'),
(917, 118, '07:30:00', '08:30:00', 'Thu', 'TLE 9', 65, 'teaching'),
(918, 118, '07:30:00', '08:30:00', 'Fri', 'TLE 9', 65, 'teaching'),
(919, 119, '09:00:00', '10:00:00', 'Mon', 'TLE 9', 65, 'teaching'),
(920, 119, '09:00:00', '10:00:00', 'Wed', 'TLE 9', 65, 'teaching'),
(921, 119, '09:00:00', '10:00:00', 'Thu', 'TLE 9', 65, 'teaching'),
(922, 119, '09:00:00', '10:00:00', 'Fri', 'TLE 9', 65, 'teaching'),
(923, 101, '10:00:00', '11:00:00', 'Mon', 'TLE 10', 65, 'teaching'),
(924, 101, '10:00:00', '11:00:00', 'Tue', 'TLE 10', 65, 'teaching'),
(925, 101, '10:00:00', '11:00:00', 'Wed', 'TLE 10', 65, 'teaching'),
(926, 101, '10:00:00', '11:00:00', 'Fri', 'TLE 10', 65, 'teaching'),
(927, 102, '13:00:00', '14:00:00', 'Mon', 'TLE 10', 65, 'teaching'),
(928, 102, '13:00:00', '14:00:00', 'Tue', 'TLE 10', 65, 'teaching'),
(929, 102, '13:00:00', '14:00:00', 'Wed', 'TLE 10', 65, 'teaching'),
(930, 102, '13:00:00', '14:00:00', 'Thu', 'TLE 10', 65, 'teaching'),
(931, 138, '14:00:00', '15:00:00', 'Mon', 'TLE 10', 65, 'teaching'),
(932, 138, '14:00:00', '15:00:00', 'Tue', 'TLE 10', 65, 'teaching'),
(933, 138, '14:00:00', '15:00:00', 'Wed', 'TLE 10', 65, 'teaching'),
(934, 135, '15:00:00', '16:00:00', 'Mon', 'TLE 10', 65, 'teaching'),
(935, 135, '15:00:00', '16:00:00', 'Tue', 'TLE 10', 65, 'teaching'),
(936, 135, '15:00:00', '16:00:00', 'Wed', 'TLE 10', 65, 'teaching'),
(937, 135, '15:00:00', '16:00:00', 'Thu', 'TLE 10', 65, 'teaching'),
(938, 119, '19:30:00', '20:30:00', 'Mon', 'MAPEH 9', 66, 'teaching'),
(939, 119, '19:30:00', '20:30:00', 'Tue', 'MAPEH 9', 66, 'teaching'),
(940, 119, '19:30:00', '20:30:00', 'Thu', 'MAPEH 9', 66, 'teaching'),
(941, 119, '19:30:00', '20:30:00', 'Fri', 'MAPEH 9', 66, 'teaching'),
(942, 101, '08:30:00', '09:30:00', 'Mon', 'MAPEH 10', 66, 'teaching'),
(943, 101, '08:30:00', '09:30:00', 'Wed', 'MAPEH 10', 66, 'teaching'),
(944, 101, '08:30:00', '09:30:00', 'Thu', 'MAPEH 10', 66, 'teaching'),
(945, 101, '08:30:00', '09:30:00', 'Fri', 'MAPEH 10', 66, 'teaching'),
(946, 138, '10:00:00', '11:00:00', 'Mon', 'MAPEH 10', 66, 'teaching'),
(947, 138, '10:00:00', '11:00:00', 'Tue', 'MAPEH 10', 66, 'teaching'),
(948, 138, '10:00:00', '11:00:00', 'Wed', 'MAPEH 10', 66, 'teaching'),
(949, 138, '10:00:00', '11:00:00', 'Thu', 'MAPEH 10', 66, 'teaching'),
(950, 135, '13:00:00', '14:00:00', 'Mon', 'MAPEH 10', 66, 'teaching'),
(951, 135, '13:00:00', '14:00:00', 'Tue', 'MAPEH 10', 66, 'teaching'),
(952, 135, '13:00:00', '14:00:00', 'Wed', 'MAPEH 10', 66, 'teaching'),
(953, 135, '13:00:00', '14:00:00', 'Thu', 'MAPEH 10', 66, 'teaching'),
(954, 102, '14:00:00', '15:00:00', 'Mon', 'MAPEH 10', 66, 'teaching'),
(955, 102, '14:00:00', '15:00:00', 'Tue', 'MAPEH 10', 66, 'teaching'),
(956, 102, '14:00:00', '15:00:00', 'Wed', 'MAPEH 10', 66, 'teaching'),
(957, 102, '14:00:00', '15:00:00', 'Thu', 'MAPEH 10', 66, 'teaching'),
(958, 120, '07:30:00', '08:30:00', 'Tue', 'AP 9', 67, 'teaching'),
(959, 120, '07:30:00', '08:30:00', 'Thu', 'AP 9', 67, 'teaching'),
(960, 120, '07:30:00', '08:30:00', 'Fri', 'AP 9', 67, 'teaching'),
(961, 120, '09:00:00', '10:00:00', 'Wed', 'AP 9', 67, 'teaching'),
(962, 118, '10:00:00', '11:00:00', 'Mon', 'AP 9', 67, 'teaching'),
(963, 121, '10:00:00', '11:00:00', 'Tue', 'AP 9', 67, 'teaching'),
(964, 121, '10:00:00', '11:00:00', 'Wed', 'AP 9', 67, 'teaching'),
(965, 121, '10:00:00', '11:00:00', 'Thu', 'AP 9', 67, 'teaching'),
(966, 121, '10:00:00', '11:00:00', 'Fri', 'AP 9', 67, 'teaching'),
(967, 119, '11:00:00', '12:00:00', 'Mon', 'AP 9', 67, 'teaching'),
(968, 119, '11:00:00', '12:00:00', 'Tue', 'AP 9', 67, 'teaching'),
(969, 119, '11:00:00', '12:00:00', 'Wed', 'AP 9', 67, 'teaching'),
(970, 112, '13:00:00', '14:00:00', 'Mon', 'AP 8', 67, 'teaching'),
(971, 112, '13:00:00', '14:00:00', 'Tue', 'AP 8', 67, 'teaching'),
(972, 112, '13:00:00', '14:00:00', 'Wed', 'AP 8', 67, 'teaching'),
(973, 112, '13:00:00', '14:00:00', 'Thu', 'AP 8', 67, 'teaching'),
(974, 109, '14:00:00', '15:00:00', 'Mon', 'AP 8', 67, 'teaching'),
(975, 109, '14:00:00', '15:00:00', 'Tue', 'AP 8', 67, 'teaching'),
(976, 109, '14:00:00', '15:00:00', 'Wed', 'AP 8', 67, 'teaching'),
(977, 109, '14:00:00', '15:00:00', 'Thu', 'AP 8', 67, 'teaching'),
(978, 118, '15:00:00', '16:00:00', 'Tue', 'AP 9', 67, 'teaching'),
(979, 118, '15:00:00', '16:00:00', 'Wed', 'AP 9', 67, 'teaching'),
(980, 118, '15:00:00', '16:00:00', 'Thu', 'AP 9', 67, 'teaching'),
(981, 102, '07:30:00', '08:30:00', 'Mon', 'MATH 10', 68, 'teaching'),
(982, 102, '07:30:00', '08:30:00', 'Wed', 'MATH 10', 68, 'teaching'),
(983, 102, '07:30:00', '08:30:00', 'Thu', 'MATH 10', 68, 'teaching'),
(984, 102, '07:30:00', '08:30:00', 'Fri', 'MATH 10', 68, 'teaching'),
(985, 138, '08:30:00', '09:30:00', 'Mon', 'MATH 10', 68, 'teaching'),
(986, 138, '08:30:00', '09:30:00', 'Tue', 'MATH 10', 68, 'teaching'),
(987, 138, '08:30:00', '09:30:00', 'Wed', 'MATH 10', 68, 'teaching'),
(988, 138, '08:30:00', '09:30:00', 'Thu', 'MATH 10', 68, 'teaching'),
(989, 135, '10:00:00', '11:00:00', 'Mon', 'MATH 10', 68, 'teaching'),
(990, 101, '11:00:00', '12:00:00', 'Mon', 'MATH 10', 68, 'teaching'),
(991, 101, '11:00:00', '12:00:00', 'Tue', 'MATH 10', 68, 'teaching'),
(992, 101, '11:00:00', '12:00:00', 'Wed', 'MATH 10', 68, 'teaching'),
(993, 101, '11:00:00', '12:00:00', 'Thu', 'MATH 10', 68, 'teaching'),
(994, 119, '13:00:00', '14:00:00', 'Mon', 'MATH 9', 68, 'teaching'),
(995, 119, '13:00:00', '14:00:00', 'Tue', 'MATH 9', 68, 'teaching'),
(996, 119, '13:00:00', '14:00:00', 'Wed', 'MATH 9', 68, 'teaching'),
(997, 119, '13:00:00', '14:00:00', 'Thu', 'MATH 9', 68, 'teaching'),
(998, 101, '14:00:00', '15:00:00', 'Tue', 'MATH 10', 68, 'teaching'),
(999, 101, '14:00:00', '15:00:00', 'Wed', 'MATH 10', 68, 'teaching'),
(1000, 101, '14:00:00', '15:00:00', 'Thu', 'MATH 10', 68, 'teaching'),
(1005, 135, '07:30:00', '08:30:00', 'Mon', 'SCI 10', 70, 'teaching'),
(1006, 135, '07:30:00', '08:30:00', 'Tue', 'SCI 10', 70, 'teaching'),
(1007, 135, '07:30:00', '08:30:00', 'Wed', 'SCI 10', 70, 'teaching'),
(1008, 135, '07:30:00', '08:30:00', 'Fri', 'SCI 10', 70, 'teaching'),
(1009, 102, '08:30:00', '09:30:00', 'Mon', 'SCI 10', 70, 'teaching'),
(1010, 102, '08:30:00', '09:30:00', 'Tue', 'SCI 10', 70, 'teaching'),
(1011, 102, '08:30:00', '09:30:00', 'Wed', 'SCI 10', 70, 'teaching'),
(1012, 102, '08:30:00', '09:30:00', 'Fri', 'SCI 10', 70, 'teaching'),
(1013, 118, '11:00:00', '12:00:00', 'Mon', 'SCI 9', 70, 'teaching'),
(1014, 101, '11:00:00', '12:00:00', 'Tue', 'SCI 10', 70, 'teaching'),
(1015, 101, '11:00:00', '12:00:00', 'Wed', 'SCI 10', 70, 'teaching'),
(1016, 101, '11:00:00', '12:00:00', 'Thu', 'SCI 10', 70, 'teaching'),
(1017, 101, '11:00:00', '12:00:00', 'Fri', 'SCI 10', 70, 'teaching'),
(1018, 118, '01:00:00', '14:00:00', 'Tue', 'SCI 9', 70, 'teaching'),
(1019, 118, '01:00:00', '14:00:00', 'Wed', 'SCI 9', 70, 'teaching'),
(1020, 118, '01:00:00', '14:00:00', 'Thu', 'SCI 9', 70, 'teaching'),
(1021, 138, '15:00:00', '16:00:00', 'Mon', 'SCI 10', 70, 'teaching'),
(1022, 138, '15:00:00', '16:00:00', 'Tue', 'SCI 10', 70, 'teaching'),
(1023, 138, '15:00:00', '16:00:00', 'Wed', 'SCI 10', 70, 'teaching'),
(1024, 138, '15:00:00', '16:00:00', 'Thu', 'SCI 10', 70, 'teaching'),
(1028, 138, '07:30:00', '08:30:00', 'Mon', 'FIL 10', 75, 'teaching'),
(1029, 138, '07:30:00', '08:30:00', 'Tue', 'FIL 10', 75, 'teaching'),
(1030, 138, '07:30:00', '08:30:00', 'Thu', 'FIL 10', 75, 'teaching'),
(1031, 138, '07:30:00', '08:30:00', 'Fri', 'FIL 10', 75, 'teaching'),
(1032, 135, '08:30:00', '09:30:00', 'Mon', 'FIL 10', 75, 'teaching'),
(1033, 135, '08:30:00', '09:30:00', 'Wed', 'FIL 10', 75, 'teaching'),
(1034, 135, '08:30:00', '09:30:00', 'Thu', 'FIL 10', 75, 'teaching'),
(1035, 135, '08:30:00', '09:30:00', 'Fri', 'FIL 10', 75, 'teaching'),
(1036, 101, '08:30:00', '09:30:00', 'Tue', 'FIL 10', 75, 'teaching'),
(1037, 119, '10:00:00', '11:00:00', 'Mon', 'FIL 9', 75, 'teaching'),
(1038, 119, '10:00:00', '11:00:00', 'Tue', 'FIL 9', 75, 'teaching'),
(1039, 119, '10:00:00', '11:00:00', 'Thu', 'FIL 9', 75, 'teaching'),
(1040, 119, '10:00:00', '11:00:00', 'Fri', 'FIL 9', 75, 'teaching'),
(1041, 102, '11:00:00', '12:00:00', 'Mon', 'FIL 10', 75, 'teaching'),
(1042, 118, '11:00:00', '12:00:00', 'Tue', 'FIL 9', 75, 'teaching'),
(1043, 118, '11:00:00', '12:00:00', 'Wed', 'FIL 9', 75, 'teaching'),
(1044, 118, '11:00:00', '12:00:00', 'Thu', 'FIL 9', 75, 'teaching'),
(1045, 118, '11:00:00', '12:00:00', 'Fri', 'FIL 9', 75, 'teaching'),
(1046, 101, '13:00:00', '14:00:00', 'Wed', 'FIL 10', 75, 'teaching'),
(1047, 101, '13:00:00', '14:00:00', 'Thu', 'FIL 10', 75, 'teaching'),
(1048, 101, '14:00:00', '15:00:00', 'Mon', 'FIL 10', 75, 'teaching'),
(1049, 102, '15:00:00', '16:00:00', 'Tue', 'FIL 10', 75, 'teaching'),
(1050, 102, '15:00:00', '16:00:00', 'Wed', 'FIL 10', 75, 'teaching'),
(1051, 102, '15:00:00', '16:00:00', 'Thu', 'FIL 10', 75, 'teaching'),
(1052, 101, '07:30:00', '08:30:00', 'Mon', 'ENG 10', 76, 'teaching'),
(1053, 101, '07:30:00', '08:30:00', 'Tue', 'ENG 10', 76, 'teaching'),
(1054, 101, '07:30:00', '08:30:00', 'Wed', 'ENG 10', 76, 'teaching'),
(1055, 101, '07:30:00', '08:30:00', 'Thu', 'ENG 10', 76, 'teaching'),
(1056, 113, '09:00:00', '10:00:00', 'Mon', 'ENG 7', 76, 'teaching'),
(1057, 113, '09:00:00', '10:00:00', 'Tue', 'ENG 7', 76, 'teaching'),
(1058, 113, '09:00:00', '10:00:00', 'Thu', 'ENG 7', 76, 'teaching'),
(1059, 113, '09:00:00', '10:00:00', 'Fri', 'ENG 7', 76, 'teaching'),
(1060, 135, '10:00:00', '11:00:00', 'Tue', 'ENG 10', 76, 'teaching'),
(1061, 135, '10:00:00', '11:00:00', 'Wed', 'ENG 10', 76, 'teaching'),
(1062, 135, '10:00:00', '11:00:00', 'Thu', 'ENG 10', 76, 'teaching'),
(1063, 135, '11:00:00', '12:00:00', 'Mon', 'ENG 10', 76, 'teaching'),
(1064, 102, '11:00:00', '12:00:00', 'Tue', 'ENG 10', 76, 'teaching'),
(1065, 102, '11:00:00', '12:00:00', 'Wed', 'ENG 10', 76, 'teaching'),
(1066, 102, '11:00:00', '12:00:00', 'Thu', 'ENG 10', 76, 'teaching'),
(1067, 102, '11:00:00', '12:00:00', 'Fri', 'ENG 10', 76, 'teaching'),
(1068, 138, '13:00:00', '14:00:00', 'Mon', 'ENG 10', 76, 'teaching'),
(1069, 138, '13:00:00', '14:00:00', 'Tue', 'ENG 10', 76, 'teaching'),
(1070, 138, '13:00:00', '14:00:00', 'Wed', 'ENG 10', 76, 'teaching'),
(1071, 138, '13:00:00', '14:00:00', 'Thu', 'ENG 10', 76, 'teaching'),
(1072, 117, '14:00:00', '15:00:00', 'Mon', 'ENG 7', 76, 'teaching'),
(1073, 117, '14:00:00', '15:00:00', 'Tue', 'ENG 7', 76, 'teaching'),
(1074, 117, '14:00:00', '15:00:00', 'Wed', 'ENG 7', 76, 'teaching'),
(1075, 117, '14:00:00', '15:00:00', 'Thu', 'ENG 7', 76, 'teaching'),
(1076, 102, '10:00:00', '11:00:00', 'Mon', 'AP 10', 77, 'teaching'),
(1077, 102, '10:00:00', '11:00:00', 'Tue', 'AP 10', 77, 'teaching'),
(1078, 102, '10:00:00', '11:00:00', 'Wed', 'AP 10', 77, 'teaching'),
(1079, 102, '10:00:00', '11:00:00', 'Thu', 'AP 10', 77, 'teaching'),
(1080, 138, '23:00:00', '12:00:00', 'Mon', 'AP 10', 77, 'teaching'),
(1081, 138, '23:00:00', '12:00:00', 'Tue', 'AP 10', 77, 'teaching'),
(1082, 138, '23:00:00', '12:00:00', 'Wed', 'AP 10', 77, 'teaching'),
(1083, 138, '23:00:00', '12:00:00', 'Thu', 'AP 10', 77, 'teaching'),
(1084, 135, '11:00:00', '12:00:00', 'Fri', 'AP 10', 77, 'teaching'),
(1085, 135, '14:00:00', '15:00:00', 'Mon', 'AP 10', 77, 'teaching'),
(1086, 135, '14:00:00', '15:00:00', 'Wed', 'AP 10', 77, 'teaching'),
(1087, 135, '14:00:00', '15:00:00', 'Thu', 'AP 10', 77, 'teaching'),
(1088, 101, '15:00:00', '16:00:00', 'Mon', 'AP 10', 77, 'teaching'),
(1089, 101, '15:00:00', '16:00:00', 'Tue', 'AP 10', 77, 'teaching'),
(1090, 101, '15:00:00', '16:00:00', 'Wed', 'AP 10', 77, 'teaching'),
(1091, 101, '15:00:00', '16:00:00', 'Thu', 'AP 10', 77, 'teaching'),
(1092, 120, '07:30:00', '08:30:00', 'Mon', 'ESP 9', 78, 'teaching'),
(1093, 118, '07:30:00', '08:30:00', 'Tue', 'ESP 9', 78, 'teaching'),
(1094, 119, '07:30:00', '08:30:00', 'Wed', 'ESP 9', 78, 'teaching'),
(1095, 112, '07:30:00', '08:30:00', 'Thu', 'ESP 8', 78, 'teaching'),
(1096, 121, '07:30:00', '08:30:00', 'Fri', 'ESP 9', 78, 'teaching'),
(1097, 117, '09:00:00', '10:00:00', 'Mon', 'ESP 7', 78, 'teaching'),
(1098, 114, '09:00:00', '10:00:00', 'Tue', 'ESP 7', 78, 'teaching'),
(1099, 113, '09:00:00', '10:00:00', 'Wed', 'ESP 7', 78, 'teaching'),
(1100, 109, '09:00:00', '10:00:00', 'Thu', 'ESP 8', 78, 'teaching'),
(1101, 110, '09:00:00', '10:00:00', 'Fri', 'ESP 8', 78, 'teaching'),
(1102, 115, '10:00:00', '11:00:00', 'Mon', 'ESP 7', 78, 'teaching'),
(1103, 112, '10:00:00', '11:00:00', 'Tue', 'ESP 8', 78, 'teaching'),
(1104, 109, '10:00:00', '11:00:00', 'Wed', 'ESP 8', 78, 'teaching'),
(1105, 110, '10:00:00', '11:00:00', 'Thu', 'ESP 8', 78, 'teaching'),
(1106, 116, '10:00:00', '11:00:00', 'Fri', 'ESP 7', 78, 'teaching');

-- --------------------------------------------------------

--
-- Table structure for table `room`
--

CREATE TABLE `room` (
  `room_id` int(11) NOT NULL,
  `room_name` varchar(100) NOT NULL,
  `description` text DEFAULT NULL,
  `other_description` text DEFAULT NULL,
  `created_at` timestamp NOT NULL DEFAULT current_timestamp(),
  `updated_at` timestamp NOT NULL DEFAULT current_timestamp() ON UPDATE current_timestamp()
) ENGINE=InnoDB DEFAULT CHARSET=utf8mb4 COLLATE=utf8mb4_general_ci;

--
-- Dumping data for table `room`
--

INSERT INTO `room` (`room_id`, `room_name`, `description`, `other_description`, `created_at`, `updated_at`) VALUES
(85, '501', 'Core 5', '2nd Floor', '2025-01-19 03:41:18', '2025-01-19 03:41:18'),
(87, '502', 'Core 5', '2nd Floor', '2025-01-19 04:15:37', '2025-01-19 04:15:37'),
(88, '503', 'Core 5', '2nd Floor', '2025-01-19 04:19:05', '2025-01-19 04:19:05'),
(91, '504', 'Core 5', '2nd Floor', '2025-01-19 04:23:24', '2025-01-19 04:23:24'),
(92, '505', 'Core 5', '3rd Floor', '2025-01-20 02:50:06', '2025-01-20 02:50:06'),
(93, '506', 'Core 5', '3rd Floor', '2025-01-20 02:53:06', '2025-01-20 02:53:06'),
(94, '507', 'Core 5', '3rd Floor', '2025-01-20 02:56:46', '2025-01-20 02:56:46'),
(95, '508', 'Core 5', '3rd Floor', '2025-01-20 02:59:55', '2025-01-20 02:59:55'),
(96, '509', 'Core 5', '4th Floor', '2025-01-20 03:07:10', '2025-01-20 03:07:10'),
(97, '510', 'Core 5', '4th Floor', '2025-01-20 03:10:53', '2025-01-20 03:10:53'),
(98, '511', 'Core 5', '4th Floor', '2025-01-20 03:14:56', '2025-01-20 03:14:56'),
(99, '512', 'Core 5', '4th Floor', '2025-01-20 03:20:26', '2025-01-20 03:20:26'),
(100, 'Rooftop', 'Core 5', '5th Floor', '2025-01-20 03:26:09', '2025-01-20 03:26:09'),
(101, '401', 'Core 4', '1st Floor', '2025-01-20 03:42:05', '2025-01-20 03:42:05'),
(102, '402', 'Core 4', '1st Floor', '2025-01-20 03:44:54', '2025-01-20 03:44:54'),
(103, '403', 'Core 4', '1st Floor', '2025-01-20 03:49:38', '2025-01-20 03:49:38'),
(104, '404', 'Core 4', '1st Floor', '2025-01-20 03:53:36', '2025-01-20 03:53:36'),
(105, '405', 'Core 4', '1st Floor', '2025-01-20 03:56:18', '2025-01-20 03:56:18'),
(106, '406', 'Core 4', '1st Floor', '2025-01-21 04:21:57', '2025-01-21 04:21:57'),
(107, '407', 'Core 4', '1st Floor', '2025-01-21 04:24:14', '2025-01-21 04:24:14'),
(108, '408', 'Core 4', '1st Floor', '2025-01-21 04:26:44', '2025-01-21 04:26:44'),
(109, '409', 'Core 4', '2nd Floor', '2025-01-21 04:32:29', '2025-01-21 04:32:29'),
(110, '410', 'Core 4', '2nd Floor', '2025-01-21 04:36:49', '2025-01-21 04:43:17'),
(112, '411', 'Core 4', '2nd Floor', '2025-01-21 18:45:03', '2025-01-21 18:45:03'),
(113, '412', 'Core 4', '2nd Floor', '2025-01-21 18:50:56', '2025-01-21 18:50:56'),
(114, '413', 'Core 4', '2nd Floor', '2025-01-21 18:59:38', '2025-01-21 18:59:38'),
(115, '414', 'Core 4', '2nd Floor', '2025-01-21 19:02:11', '2025-01-21 19:02:11'),
(116, '415', 'Core 4', '2nd Floor', '2025-01-21 19:06:54', '2025-01-21 19:06:54'),
(117, '416', 'Core 4', '2nd Floor', '2025-01-21 19:09:00', '2025-01-21 19:09:00'),
(118, '417', 'Core 4', '3rd Floor', '2025-01-21 19:14:04', '2025-01-21 19:14:04'),
(119, '418', 'Core 4', '3rd Floor', '2025-01-21 19:17:38', '2025-01-21 19:17:38'),
(120, '419', 'Core 4', '3rd Floor', '2025-01-21 19:21:20', '2025-01-21 19:21:20'),
(121, '420', 'Core 4', '3rd Floor', '2025-01-21 19:26:04', '2025-01-21 19:26:04'),
(122, '421', 'Core 4', '3rd Floor', '2025-01-21 20:29:56', '2025-01-21 20:29:56'),
(123, '422', 'Core 4', '3rd Floor', '2025-01-21 20:36:58', '2025-01-21 20:36:58'),
(126, '423', 'Core 4', '3rd Floor', '2025-01-21 21:01:48', '2025-01-21 21:01:48'),
(127, '424', 'Core 4', '4th Floor', '2025-01-21 21:17:12', '2025-01-21 21:17:12'),
(128, '425', 'Core 4', '4th Floor', '2025-01-21 21:19:38', '2025-01-21 21:19:38'),
(129, '426', 'Core 4', '4th Floor', '2025-01-21 21:23:22', '2025-01-21 21:23:22'),
(130, '427', 'Core 4', '4th Floor', '2025-01-21 21:25:06', '2025-01-21 21:25:06'),
(131, '428', 'Core 4', '4th Floor', '2025-01-21 21:35:45', '2025-01-21 21:35:45'),
(132, '429', 'Core 4', '4th Floor', '2025-01-22 01:52:15', '2025-01-22 01:52:15'),
(133, '430', 'Core 4', '4th Floor', '2025-01-22 01:55:05', '2025-01-22 01:55:05'),
(134, '431', 'Core 4', '4th Floor', '2025-01-22 01:57:37', '2025-01-22 01:57:37'),
(135, '432', 'Core 4', '1st Floor', '2025-01-22 02:04:37', '2025-01-22 02:04:37'),
(136, '433', 'Core 4', '1st Floor', '2025-01-22 02:07:56', '2025-01-22 02:07:56'),
(137, '434', 'Core 4', '1st Floor', '2025-01-22 02:09:53', '2025-01-22 02:09:53'),
(138, '435', 'Core 4', '1st Floor', '2025-01-22 02:12:09', '2025-01-22 02:12:09'),
(139, '436', 'Core 4', '1st Floor', '2025-01-22 02:13:55', '2025-01-22 02:13:55'),
(140, 'Rooftop', 'Core 4', '5th Floor', '2025-01-22 02:15:26', '2025-01-22 02:15:26'),
(142, '301', 'Core 3', '1st Floor', '2025-01-22 05:02:07', '2025-01-22 05:02:07'),
(143, '302', 'Core 3', '1st Floor', '2025-01-22 05:06:44', '2025-01-22 05:06:44'),
(144, '303', 'Core 3', '2nd Floor', '2025-01-22 05:10:52', '2025-01-22 05:10:52'),
(145, '304', 'Core 3', '2nd Floor', '2025-01-22 05:14:04', '2025-01-22 05:14:04'),
(146, '305', 'Core 3', '3rd Floor', '2025-01-22 05:26:41', '2025-01-22 05:26:41'),
(147, '306', 'Core 3', '3rd Floor', '2025-01-22 05:30:45', '2025-01-22 05:31:03'),
(148, '307', 'Core 3', '4th Floor', '2025-01-22 05:36:06', '2025-01-22 05:36:06'),
(149, '308', 'Core 3', '4th Floor', '2025-01-22 05:38:18', '2025-01-22 05:38:18'),
(151, '202', 'Core 2', '2nd Floor', '2025-01-22 06:08:10', '2025-01-22 06:08:10'),
(152, '203', 'Core 2', '3rd Floor', '2025-01-22 06:09:14', '2025-01-22 06:09:14'),
(153, '204', 'Core 2', '4th Floor', '2025-01-22 06:10:26', '2025-01-22 06:10:26'),
(155, '205', 'Core 2', '4th Floor', '2025-01-22 06:19:08', '2025-01-22 06:19:08'),
(156, '101', 'Core 1', '1st Floor', '2025-01-22 06:43:28', '2025-01-22 06:43:28'),
(157, '102', 'Core 1', '1st Floor', '2025-01-22 06:47:00', '2025-01-22 06:47:00'),
(158, '103', 'Core 1', '1st Floor', '2025-01-22 06:52:57', '2025-01-22 06:52:57'),
(159, '104', 'Core 1', '1st Floor', '2025-01-22 06:54:44', '2025-01-22 06:54:44'),
(160, '105', 'Core 1', '1st Floor', '2025-01-22 06:56:24', '2025-01-22 06:56:24'),
(162, '106', 'Core 1', '2nd Floor', '2025-01-22 07:13:01', '2025-01-22 07:13:01'),
(163, '107', 'Core 1', '2nd Floor', '2025-01-22 07:16:23', '2025-01-22 07:16:23'),
(164, '108', 'Core 1', '2nd Floor', '2025-01-22 07:17:59', '2025-01-22 07:17:59'),
(165, '109', 'Core 1', '2nd Floor', '2025-01-22 07:20:42', '2025-01-22 07:20:42'),
(166, '110', 'Core 1', '2nd Floor', '2025-01-22 07:22:15', '2025-01-22 07:22:15'),
(167, '112', 'Core 1', '3rd Floor', '2025-01-22 07:28:21', '2025-01-22 07:28:21'),
(168, '113', 'Core 1', '3rd Floor', '2025-01-22 07:39:02', '2025-01-22 07:39:02'),
(169, '114', 'Core 1', '3rd Floor', '2025-01-22 07:40:26', '2025-01-22 07:40:26'),
(170, '115', 'Core 1', '3rd Floor', '2025-01-22 07:42:09', '2025-01-22 07:42:09'),
(171, '116', 'Core 1', '3rd Floor', '2025-01-22 07:44:43', '2025-01-22 07:44:43'),
(173, '118', 'Old Administration Building', '1st Floor', '2025-01-22 07:56:20', '2025-01-22 07:56:20'),
(174, '119', 'Old Administration Building', '1st Floor', '2025-01-22 07:57:04', '2025-01-22 07:57:04'),
(175, '120', 'Old Administration Building', '1st Floor', '2025-01-22 07:57:46', '2025-01-22 07:57:46'),
(176, '121', 'Old Administration Building', '1st Floor', '2025-01-22 07:58:49', '2025-01-22 07:58:49'),
(177, '122', 'Old Administration Building', '1st Floor', '2025-01-22 07:59:48', '2025-01-22 07:59:48'),
(178, '309', 'Old Administration Building', '2nd Floor', '2025-01-22 08:09:47', '2025-01-22 08:11:50'),
(179, '310', 'Old Administration Building', '1st Floor', '2025-01-22 08:11:31', '2025-01-22 08:11:31'),
(180, '311', 'Old Administration Building', '1st Floor', '2025-01-22 08:12:53', '2025-01-22 08:12:53'),
(181, '000', 'New Senior High Faculty', '1st Floor', '2025-01-22 08:15:40', '2025-01-22 08:15:40');

-- --------------------------------------------------------

--
-- Table structure for table `room_images`
--

CREATE TABLE `room_images` (
  `image_id` int(11) NOT NULL,
  `room_id` int(11) DEFAULT NULL,
  `image_path` varchar(255) DEFAULT NULL,
  `created_at` timestamp NOT NULL DEFAULT current_timestamp()
) ENGINE=InnoDB DEFAULT CHARSET=utf8mb4 COLLATE=utf8mb4_general_ci;

--
-- Dumping data for table `room_images`
--

INSERT INTO `room_images` (`image_id`, `room_id`, `image_path`, `created_at`) VALUES
(334, 85, '1737286878_20241207093704_IMG_3284.JPG', '2025-01-19 03:41:18'),
(335, 85, '20241207093625_IMG_3283 (1).JPG', '2025-01-19 03:41:30'),
(336, 85, '20241207093809_IMG_3286.JPG', '2025-01-19 03:41:43'),
(337, 85, '20241207093825_IMG_3287.JPG', '2025-01-19 03:41:54'),
(338, 85, '20241207093937_IMG_3291.JPG', '2025-01-19 03:42:04'),
(339, 85, '20241207094042_IMG_3293.JPG', '2025-01-19 03:42:12'),
(340, 85, '20241207094150_IMG_3295.JPG', '2025-01-19 03:42:23'),
(341, 85, '20241207094215_IMG_3296.JPG', '2025-01-19 03:42:33'),
(342, 85, '20241207094237_IMG_3297.JPG', '2025-01-19 03:42:40'),
(349, 87, '1737288937_20241207093704_IMG_3284.JPG', '2025-01-19 04:15:37'),
(352, 87, '20241207093625_IMG_3283 (1).JPG', '2025-01-19 04:16:54'),
(353, 87, '20241207093809_IMG_3286.JPG', '2025-01-19 04:17:01'),
(354, 87, '20241207093825_IMG_3287.JPG', '2025-01-19 04:17:10'),
(355, 87, '20241207093937_IMG_3291.JPG', '2025-01-19 04:17:19'),
(356, 87, '20241207094042_IMG_3293.JPG', '2025-01-19 04:17:28'),
(357, 87, '20241207094215_IMG_3296.JPG', '2025-01-19 04:17:38'),
(358, 87, '20241207094431_IMG_3300.JPG', '2025-01-19 04:18:16'),
(359, 88, '1737289145_20241207093704_IMG_3284.JPG', '2025-01-19 04:19:05'),
(360, 88, '20241207093625_IMG_3283 (1).JPG', '2025-01-19 04:19:17'),
(361, 88, '20241207093809_IMG_3286.JPG', '2025-01-19 04:19:25'),
(362, 88, '20241207093825_IMG_3287.JPG', '2025-01-19 04:19:33'),
(363, 88, '20241207093937_IMG_3291.JPG', '2025-01-19 04:19:40'),
(364, 88, '20241207094042_IMG_3293.JPG', '2025-01-19 04:19:48'),
(365, 88, '20241207094150_IMG_3295.JPG', '2025-01-19 04:20:00'),
(366, 88, '20241207094647_IMG_3306.jpg', '2025-01-19 04:21:01'),
(367, 88, '20241207094705_IMG_3307.JPG', '2025-01-19 04:21:08'),
(374, 91, '1737289404_20241207093704_IMG_3284.JPG', '2025-01-19 04:23:24'),
(375, 91, '20241207093625_IMG_3283 (1).JPG', '2025-01-19 04:23:32'),
(376, 91, '20241207093809_IMG_3286.JPG', '2025-01-19 04:23:37'),
(377, 91, '20241207093825_IMG_3287.JPG', '2025-01-19 04:23:42'),
(378, 91, '20241207093937_IMG_3291.JPG', '2025-01-19 04:23:52'),
(379, 91, '20241207094042_IMG_3293.JPG', '2025-01-19 04:23:58'),
(380, 91, '20241207094804_IMG_3309.jpg', '2025-01-19 04:25:25'),
(381, 91, '20241207094604_IMG_3303.JPG', '2025-01-19 04:25:35'),
(382, 91, '20241207094640_IMG_3305.JPG', '2025-01-19 04:25:41'),
(383, 92, '1737370206_20241207093704_IMG_3284.JPG', '2025-01-20 02:50:06'),
(384, 92, '20241207093625_IMG_3283 (1).JPG', '2025-01-20 02:50:18'),
(385, 92, '20241207093809_IMG_3286.JPG', '2025-01-20 02:50:27'),
(386, 92, '20241207093825_IMG_3287.JPG', '2025-01-20 02:50:38'),
(387, 92, '20241207093937_IMG_3291.JPG', '2025-01-20 02:50:52'),
(388, 92, '20241207094042_IMG_3293.JPG', '2025-01-20 02:51:03'),
(389, 92, '20241207094150_IMG_3295.JPG', '2025-01-20 02:51:15'),
(390, 92, '20241207094844_IMG_3312.JPG', '2025-01-20 02:51:26'),
(391, 92, '20241207094858_IMG_3313.JPG', '2025-01-20 02:51:45'),
(392, 92, '20241207095745_IMG_3335.jpg', '2025-01-20 02:51:58'),
(393, 92, '20241207095809_IMG_3336.JPG', '2025-01-20 02:52:15'),
(394, 92, '20241207095822_IMG_3337.JPG', '2025-01-20 02:52:23'),
(395, 93, '1737370386_20241207093704_IMG_3284.JPG', '2025-01-20 02:53:06'),
(396, 93, '20241207093625_IMG_3283 (1).JPG', '2025-01-20 02:53:43'),
(398, 93, '20241207093937_IMG_3291.JPG', '2025-01-20 02:54:02'),
(399, 93, '20241207093825_IMG_3287.JPG', '2025-01-20 02:54:02'),
(401, 93, '20241207094042_IMG_3293.JPG', '2025-01-20 02:54:48'),
(402, 93, '20241207094150_IMG_3295.JPG', '2025-01-20 02:55:00'),
(403, 93, '20241207094844_IMG_3312.JPG', '2025-01-20 02:55:07'),
(404, 93, '20241207094858_IMG_3313.JPG', '2025-01-20 02:55:14'),
(405, 93, '20241207095745_IMG_3335.jpg', '2025-01-20 02:55:22'),
(406, 93, '20241207095838_IMG_3338.JPG', '2025-01-20 02:56:01'),
(407, 93, '20241207095846_IMG_3339.JPG', '2025-01-20 02:56:09'),
(408, 94, '1737370606_20241207093704_IMG_3284.JPG', '2025-01-20 02:56:46'),
(409, 94, '20241207093625_IMG_3283 (1).JPG', '2025-01-20 02:56:57'),
(410, 94, '20241207093809_IMG_3286.JPG', '2025-01-20 02:57:06'),
(411, 94, '20241207093825_IMG_3287.JPG', '2025-01-20 02:57:15'),
(412, 94, '20241207093937_IMG_3291.JPG', '2025-01-20 02:57:26'),
(413, 94, '20241207094042_IMG_3293.JPG', '2025-01-20 02:57:41'),
(414, 94, '20241207094150_IMG_3295.JPG', '2025-01-20 02:57:49'),
(415, 94, '20241207094844_IMG_3312.JPG', '2025-01-20 02:58:02'),
(416, 94, '20241207094858_IMG_3313.JPG', '2025-01-20 02:58:09'),
(417, 94, '20241207095745_IMG_3335.jpg', '2025-01-20 02:58:18'),
(418, 94, '20241207100152_IMG_3343.JPG', '2025-01-20 02:59:23'),
(419, 94, '20241207100200_IMG_3344.JPG', '2025-01-20 02:59:31'),
(420, 95, '1737370795_20241207093704_IMG_3284.JPG', '2025-01-20 02:59:55'),
(421, 95, '20241207093625_IMG_3283 (1).JPG', '2025-01-20 03:00:13'),
(422, 95, '20241207093809_IMG_3286.JPG', '2025-01-20 03:00:26'),
(423, 95, '20241207093825_IMG_3287.JPG', '2025-01-20 03:00:41'),
(424, 95, '20241207093937_IMG_3291.JPG', '2025-01-20 03:00:57'),
(425, 95, '20241207094042_IMG_3293.JPG', '2025-01-20 03:01:06'),
(426, 95, '20241207094150_IMG_3295.JPG', '2025-01-20 03:01:14'),
(427, 95, '20241207094844_IMG_3312.JPG', '2025-01-20 03:01:21'),
(428, 95, '20241207094858_IMG_3313.JPG', '2025-01-20 03:01:28'),
(429, 95, '20241207095745_IMG_3335.jpg', '2025-01-20 03:01:48'),
(432, 95, '20241207095904_IMG_3340.JPG', '2025-01-20 03:04:27'),
(433, 95, '20241207095911_IMG_3341.JPG', '2025-01-20 03:04:56'),
(434, 96, '1737371230_20241207093704_IMG_3284.JPG', '2025-01-20 03:07:10'),
(435, 96, '20241207093625_IMG_3283 (1).JPG', '2025-01-20 03:07:21'),
(436, 96, '20241207093809_IMG_3286.JPG', '2025-01-20 03:07:27'),
(437, 96, '20241207093825_IMG_3287.JPG', '2025-01-20 03:07:33'),
(438, 96, '20241207093937_IMG_3291.JPG', '2025-01-20 03:07:42'),
(439, 96, '20241207094042_IMG_3293.JPG', '2025-01-20 03:07:49'),
(440, 96, '20241207094150_IMG_3295.JPG', '2025-01-20 03:07:59'),
(441, 96, '20241207094844_IMG_3312.JPG', '2025-01-20 03:08:09'),
(442, 96, '20241207094858_IMG_3313.JPG', '2025-01-20 03:08:26'),
(443, 96, '20241207095745_IMG_3335.jpg', '2025-01-20 03:09:12'),
(444, 96, '20241207094952_IMG_3315.JPG', '2025-01-20 03:09:20'),
(445, 96, '20241207095020_IMG_3317.JPG', '2025-01-20 03:09:27'),
(446, 96, '20241207095142_IMG_3319.JPG', '2025-01-20 03:09:43'),
(447, 96, '20241207095159_IMG_3320.JPG', '2025-01-20 03:10:10'),
(448, 96, '20241207095216_IMG_3321.JPG', '2025-01-20 03:10:17'),
(454, 97, '20241207093704_IMG_3284.JPG', '2025-01-20 03:12:00'),
(455, 97, '20241207093625_IMG_3283 (1).JPG', '2025-01-20 03:12:09'),
(456, 97, '20241207093809_IMG_3286.JPG', '2025-01-20 03:12:14'),
(457, 97, '20241207093825_IMG_3287.JPG', '2025-01-20 03:12:20'),
(458, 97, '20241207093937_IMG_3291.JPG', '2025-01-20 03:12:37'),
(459, 97, '20241207094042_IMG_3293.JPG', '2025-01-20 03:12:47'),
(460, 97, '20241207094150_IMG_3295.JPG', '2025-01-20 03:12:54'),
(461, 97, '20241207094844_IMG_3312.JPG', '2025-01-20 03:13:04'),
(462, 97, '20241207094858_IMG_3313.JPG', '2025-01-20 03:13:11'),
(463, 97, '20241207095745_IMG_3335.jpg', '2025-01-20 03:13:18'),
(464, 97, '20241207094952_IMG_3315.JPG', '2025-01-20 03:13:24'),
(465, 97, '20241207095020_IMG_3317.JPG', '2025-01-20 03:13:31'),
(466, 97, '20241207095142_IMG_3319.JPG', '2025-01-20 03:13:41'),
(467, 97, '20241207095256_IMG_3323.JPG', '2025-01-20 03:14:11'),
(468, 97, '20241207095301_IMG_3324.JPG', '2025-01-20 03:14:19'),
(469, 98, '1737371696_20241207093704_IMG_3284.JPG', '2025-01-20 03:14:56'),
(470, 98, '20241207093625_IMG_3283 (1).JPG', '2025-01-20 03:15:59'),
(471, 98, '20241207093809_IMG_3286.JPG', '2025-01-20 03:16:06'),
(472, 98, '20241207093825_IMG_3287.JPG', '2025-01-20 03:16:11'),
(473, 98, '20241207093937_IMG_3291.JPG', '2025-01-20 03:16:21'),
(474, 98, '20241207094042_IMG_3293.JPG', '2025-01-20 03:16:30'),
(475, 98, '20241207094150_IMG_3295.JPG', '2025-01-20 03:16:39'),
(476, 98, '20241207094844_IMG_3312.JPG', '2025-01-20 03:16:50'),
(477, 98, '20241207094858_IMG_3313.JPG', '2025-01-20 03:16:55'),
(478, 98, '20241207095745_IMG_3335.jpg', '2025-01-20 03:17:01'),
(479, 98, '20241207094952_IMG_3315.JPG', '2025-01-20 03:17:13'),
(480, 98, '20241207095020_IMG_3317.JPG', '2025-01-20 03:17:21'),
(481, 98, '20241207095142_IMG_3319.JPG', '2025-01-20 03:17:27'),
(482, 98, '20241207095314_IMG_3325 (1).JPG', '2025-01-20 03:18:14'),
(483, 98, '20241207095325_IMG_3326 (1).JPG', '2025-01-20 03:18:54'),
(484, 98, '20241207095356_IMG_3327 (1).JPG', '2025-01-20 03:19:00'),
(485, 99, '1737372026_20241207093704_IMG_3284.JPG', '2025-01-20 03:20:26'),
(486, 99, '20241207093625_IMG_3283 (1).JPG', '2025-01-20 03:22:51'),
(487, 99, '20241207093809_IMG_3286.JPG', '2025-01-20 03:22:59'),
(488, 99, '20241207093937_IMG_3291.JPG', '2025-01-20 03:23:07'),
(489, 99, '20241207094042_IMG_3293.JPG', '2025-01-20 03:23:13'),
(490, 99, '20241207094150_IMG_3295.JPG', '2025-01-20 03:23:19'),
(491, 99, '20241207094844_IMG_3312.JPG', '2025-01-20 03:23:26'),
(492, 99, '20241207094858_IMG_3313.JPG', '2025-01-20 03:23:37'),
(493, 99, '20241207095745_IMG_3335.jpg', '2025-01-20 03:23:50'),
(494, 99, '20241207094952_IMG_3315.JPG', '2025-01-20 03:24:05'),
(495, 99, '20241207095020_IMG_3317.JPG', '2025-01-20 03:24:10'),
(497, 99, '20241207095142_IMG_3319.JPG', '2025-01-20 03:24:39'),
(498, 99, '20241207095412_IMG_3328.JPG', '2025-01-20 03:24:51'),
(499, 99, '20241207095453_IMG_3329.JPG', '2025-01-20 03:24:58'),
(500, 100, '1737372369_20241207093704_IMG_3284.JPG', '2025-01-20 03:26:09'),
(501, 100, '20241207093625_IMG_3283 (1).JPG', '2025-01-20 03:26:26'),
(502, 100, '20241207093809_IMG_3286.JPG', '2025-01-20 03:26:35'),
(503, 100, '20241207093937_IMG_3291.JPG', '2025-01-20 03:26:41'),
(504, 100, '20241207094042_IMG_3293.JPG', '2025-01-20 03:26:46'),
(505, 100, '20241207094150_IMG_3295.JPG', '2025-01-20 03:26:53'),
(506, 100, '20241207094844_IMG_3312.JPG', '2025-01-20 03:26:58'),
(507, 100, '20241207094858_IMG_3313.JPG', '2025-01-20 03:27:02'),
(508, 100, '20241207095745_IMG_3335.jpg', '2025-01-20 03:27:20'),
(509, 100, '20241207094952_IMG_3315.JPG', '2025-01-20 03:27:25'),
(510, 100, '20241207095020_IMG_3317.JPG', '2025-01-20 03:27:31'),
(511, 100, '20241207095142_IMG_3319.JPG', '2025-01-20 03:27:37'),
(512, 100, '20241207095514_IMG_3330.JPG', '2025-01-20 03:28:23'),
(513, 100, '20241207095534_IMG_3332.JPG', '2025-01-20 03:28:28'),
(514, 100, '20241207095606_IMG_3333.JPG', '2025-01-20 03:28:33'),
(515, 101, '1737373325_20241207093625_IMG_3283 (1).JPG', '2025-01-20 03:42:05'),
(516, 101, '20241207103629_IMG_3441 (1).JPG', '2025-01-20 03:42:33'),
(517, 101, '20241207103636_IMG_3442.jpg', '2025-01-20 03:42:42'),
(518, 101, '20241207104148_IMG_3466 (1).JPG', '2025-01-20 03:42:52'),
(519, 101, '20241207104210_IMG_3469 (1).JPG', '2025-01-20 03:43:00'),
(520, 101, '20241207104312_IMG_3472.JPG', '2025-01-20 03:43:17'),
(521, 101, '20241207105012_IMG_3509.JPG', '2025-01-20 03:43:37'),
(522, 101, '20241207105046_IMG_3512.JPG', '2025-01-20 03:43:45'),
(523, 101, '20241207105057_IMG_3513.JPG', '2025-01-20 03:43:50'),
(524, 101, '20241207105107_IMG_3514.JPG', '2025-01-20 03:43:55'),
(525, 102, '1737373494_20241207093625_IMG_3283 (1).JPG', '2025-01-20 03:44:54'),
(526, 102, '20241207103629_IMG_3441 (1).JPG', '2025-01-20 03:45:05'),
(527, 102, '20241207103636_IMG_3442.jpg', '2025-01-20 03:45:14'),
(528, 102, '20241207104148_IMG_3466 (1).JPG', '2025-01-20 03:45:20'),
(529, 102, '20241207104210_IMG_3469 (1).JPG', '2025-01-20 03:45:26'),
(530, 102, '20241207104312_IMG_3472.JPG', '2025-01-20 03:45:38'),
(531, 102, '20241207105012_IMG_3509.JPG', '2025-01-20 03:45:46'),
(533, 102, '20241207105023_IMG_3511.JPG', '2025-01-20 03:46:26'),
(534, 103, '1737373778_20241207093625_IMG_3283 (1).JPG', '2025-01-20 03:49:38'),
(535, 103, '20241207103629_IMG_3441 (2).JPG', '2025-01-20 03:51:26'),
(536, 103, '20241207103636_IMG_3442.jpg', '2025-01-20 03:51:36'),
(537, 103, '20241207104148_IMG_3466 (1).JPG', '2025-01-20 03:51:44'),
(538, 103, '20241207104210_IMG_3469 (1).JPG', '2025-01-20 03:51:50'),
(539, 103, '20241207104312_IMG_3472.JPG', '2025-01-20 03:51:59'),
(540, 103, '20241207104625_IMG_3489.JPG', '2025-01-20 03:52:24'),
(541, 103, '20241207104636_IMG_3490.JPG', '2025-01-20 03:52:31'),
(543, 104, '20241207103629_IMG_3441 (1).JPG', '2025-01-20 03:53:49'),
(544, 104, '20241207103636_IMG_3442.jpg', '2025-01-20 03:53:54'),
(545, 104, '20241207104148_IMG_3466 (1).JPG', '2025-01-20 03:54:00'),
(546, 104, '20241207104210_IMG_3469 (1).JPG', '2025-01-20 03:54:14'),
(547, 104, '20241207104312_IMG_3472.JPG', '2025-01-20 03:54:18'),
(549, 104, '20241207104559_IMG_3486.JPG', '2025-01-20 03:55:08'),
(550, 104, '20241207104611_IMG_3487.JPG', '2025-01-20 03:55:12'),
(551, 105, '1737374178_20241207093625_IMG_3283 (1).JPG', '2025-01-20 03:56:18'),
(552, 105, '20241207103629_IMG_3441 (1).JPG', '2025-01-20 03:56:29'),
(553, 105, '20241207103636_IMG_3442.jpg', '2025-01-20 03:56:38'),
(554, 105, '20241207104148_IMG_3466 (1).JPG', '2025-01-20 03:56:47'),
(555, 105, '20241207104210_IMG_3469 (1).JPG', '2025-01-20 03:57:05'),
(556, 105, '20241207104312_IMG_3472.JPG', '2025-01-20 03:57:13'),
(557, 105, '20241207104534_IMG_3483.JPG', '2025-01-20 03:57:56'),
(558, 105, '20241207104542_IMG_3484.JPG', '2025-01-20 03:58:04'),
(559, 106, '1737462117_20241207093625_IMG_3283 (1).JPG', '2025-01-21 04:21:57'),
(560, 106, '20241207103629_IMG_3441 (1).JPG', '2025-01-21 04:22:19'),
(561, 106, '20241207103636_IMG_3442.jpg', '2025-01-21 04:22:27'),
(562, 106, '20241207104148_IMG_3466 (1).JPG', '2025-01-21 04:22:35'),
(563, 106, '20241207104210_IMG_3469 (1).JPG', '2025-01-21 04:22:50'),
(564, 106, '20241207104312_IMG_3472.JPG', '2025-01-21 04:22:55'),
(565, 106, '20241207104534_IMG_3483 (1).JPG', '2025-01-21 04:23:26'),
(566, 106, '20241207104526_IMG_3482.JPG', '2025-01-21 04:23:31'),
(567, 107, '1737462254_20241207093625_IMG_3283 (1).JPG', '2025-01-21 04:24:14'),
(568, 107, '20241207103629_IMG_3441 (1).JPG', '2025-01-21 04:24:26'),
(569, 107, '20241207103636_IMG_3442.jpg', '2025-01-21 04:24:32'),
(570, 107, '20241207104148_IMG_3466 (1).JPG', '2025-01-21 04:24:39'),
(571, 107, '20241207104210_IMG_3469 (1).JPG', '2025-01-21 04:24:46'),
(572, 107, '20241207104312_IMG_3472.JPG', '2025-01-21 04:24:54'),
(573, 107, '20241207104430_IMG_3477.JPG', '2025-01-21 04:25:57'),
(574, 107, '20241207104439_IMG_3478.JPG', '2025-01-21 04:26:02'),
(575, 108, '1737462404_20241207093625_IMG_3283 (1).JPG', '2025-01-21 04:26:44'),
(576, 108, '20241207103629_IMG_3441 (1).JPG', '2025-01-21 04:26:54'),
(577, 108, '20241207103636_IMG_3442.jpg', '2025-01-21 04:27:01'),
(578, 108, '20241207104148_IMG_3466 (1).JPG', '2025-01-21 04:27:08'),
(579, 108, '20241207104210_IMG_3469 (1).JPG', '2025-01-21 04:27:15'),
(581, 108, '20241207104312_IMG_3472.JPG', '2025-01-21 04:27:55'),
(582, 108, '20241207104430_IMG_3477 (1).JPG', '2025-01-21 04:28:49'),
(583, 108, '20241207104422_IMG_3476 (1).JPG', '2025-01-21 04:28:58'),
(584, 109, '1737462749_20241207093625_IMG_3283 (1).JPG', '2025-01-21 04:32:29'),
(585, 109, '20241207103629_IMG_3441 (1).JPG', '2025-01-21 04:32:40'),
(586, 109, '20241207103636_IMG_3442.jpg', '2025-01-21 04:32:49'),
(587, 109, '20241207104148_IMG_3466 (1).JPG', '2025-01-21 04:32:57'),
(588, 109, '20241207104210_IMG_3469 (1).JPG', '2025-01-21 04:33:02'),
(589, 109, '20241207104312_IMG_3472.JPG', '2025-01-21 04:33:09'),
(590, 109, '20241207104534_IMG_3483 (1).JPG', '2025-01-21 04:33:28'),
(591, 109, '20241207105012_IMG_3509.JPG', '2025-01-21 04:33:54'),
(592, 109, '20241207105129_IMG_3515.JPG', '2025-01-21 04:34:05'),
(593, 109, '20241207105210_IMG_3517.JPG', '2025-01-21 04:34:16'),
(594, 109, '20241207105223_IMG_3518.JPG', '2025-01-21 04:34:22'),
(595, 109, '20241207105229_IMG_3519.JPG', '2025-01-21 04:34:28'),
(596, 109, '20241207105251_IMG_3520.JPG', '2025-01-21 04:34:32'),
(597, 110, '1737463009_20241207093625_IMG_3283 (1).JPG', '2025-01-21 04:36:49'),
(598, 110, '20241207103629_IMG_3441 (1).JPG', '2025-01-21 04:39:42'),
(599, 110, '20241207103636_IMG_3442.jpg', '2025-01-21 04:39:48'),
(600, 110, '20241207104148_IMG_3466 (1).JPG', '2025-01-21 04:39:54'),
(601, 110, '20241207104210_IMG_3469 (1).JPG', '2025-01-21 04:39:59'),
(602, 110, '20241207104312_IMG_3472.JPG', '2025-01-21 04:40:06'),
(603, 110, '20241207104534_IMG_3483 (1).JPG', '2025-01-21 04:40:33'),
(604, 110, '20241207105012_IMG_3509.JPG', '2025-01-21 04:40:43'),
(605, 110, '20241207105129_IMG_3515.JPG', '2025-01-21 04:40:52'),
(606, 110, '20241207105210_IMG_3517.JPG', '2025-01-21 04:41:03'),
(607, 110, '20241207105223_IMG_3518.JPG', '2025-01-21 04:41:10'),
(608, 110, '20241207122831_IMG_3530.JPG', '2025-01-21 04:41:34'),
(611, 110, '20241207122834_IMG_3531.JPG', '2025-01-21 04:43:17'),
(619, 112, '1737513903_20241207093625_IMG_3283 (1).JPG', '2025-01-21 18:45:03'),
(620, 112, '20241207103629_IMG_3441 (2).JPG', '2025-01-21 18:45:12'),
(621, 112, '20241207103636_IMG_3442.jpg', '2025-01-21 18:45:20'),
(622, 112, '20241207104148_IMG_3466 (1).JPG', '2025-01-21 18:45:35'),
(623, 112, '20241207104210_IMG_3469 (1).JPG', '2025-01-21 18:45:56'),
(624, 112, '20241207104559_IMG_3486.JPG', '2025-01-21 18:48:37'),
(625, 112, '20241207105147_IMG_3516.JPG', '2025-01-21 18:49:03'),
(626, 112, '20241207105210_IMG_3517.JPG', '2025-01-21 18:49:28'),
(627, 112, '20241207105223_IMG_3518.JPG', '2025-01-21 18:49:35'),
(628, 112, '20241207122831_IMG_3530.JPG', '2025-01-21 18:49:46'),
(629, 112, '20241207122852_IMG_3534.JPG', '2025-01-21 18:50:22'),
(630, 113, '1737514256_20241207093625_IMG_3283 (1).JPG', '2025-01-21 18:50:56'),
(631, 113, '20241207103629_IMG_3441 (1) - Copy.JPG', '2025-01-21 18:51:09'),
(632, 113, '20241207103636_IMG_3442.jpg', '2025-01-21 18:51:17'),
(633, 113, '20241207104148_IMG_3466 (1).JPG', '2025-01-21 18:51:33'),
(634, 113, '20241207104210_IMG_3469 (1) - Copy.JPG', '2025-01-21 18:51:41'),
(635, 113, '20241207104312_IMG_3472 - Copy.JPG', '2025-01-21 18:51:52'),
(636, 113, '20241207104625_IMG_3489.JPG', '2025-01-21 18:52:09'),
(637, 113, '20241207105147_IMG_3516.JPG', '2025-01-21 18:52:51'),
(638, 113, '20241207105210_IMG_3517.JPG', '2025-01-21 18:53:04'),
(639, 113, '20241207105223_IMG_3518.JPG', '2025-01-21 18:53:17'),
(640, 113, '20241207122831_IMG_3530.JPG', '2025-01-21 18:53:44'),
(641, 113, '20241207122904_IMG_3536.JPG', '2025-01-21 18:54:10'),
(642, 113, '20241207122908_IMG_3537.JPG', '2025-01-21 18:54:29'),
(643, 114, '1737514778_20241207093625_IMG_3283 (1).JPG', '2025-01-21 18:59:38'),
(644, 114, '20241207103629_IMG_3441 (1).JPG', '2025-01-21 18:59:49'),
(645, 114, '20241207103636_IMG_3442.jpg', '2025-01-21 18:59:57'),
(646, 114, '20241207104148_IMG_3466 (1).JPG', '2025-01-21 19:00:05'),
(647, 114, '20241207104210_IMG_3469 (1) - Copy.JPG', '2025-01-21 19:00:14'),
(648, 114, '20241207104312_IMG_3472 - Copy.JPG', '2025-01-21 19:00:32'),
(649, 114, '20241207104559_IMG_3486.JPG', '2025-01-21 19:00:55'),
(650, 114, '20241207105147_IMG_3516.JPG', '2025-01-21 19:01:04'),
(651, 114, '20241207105210_IMG_3517.JPG', '2025-01-21 19:01:14'),
(652, 114, '20241207105223_IMG_3518.JPG', '2025-01-21 19:01:22'),
(653, 114, '20241207122921_IMG_3539.JPG', '2025-01-21 19:01:35'),
(654, 114, '20241207122927_IMG_3540.JPG', '2025-01-21 19:01:45'),
(655, 115, '1737514931_20241207093625_IMG_3283 (1).JPG', '2025-01-21 19:02:11'),
(656, 115, '20241207103629_IMG_3441 (1).JPG', '2025-01-21 19:02:26'),
(657, 115, '20241207103636_IMG_3442.jpg', '2025-01-21 19:02:33'),
(658, 115, '20241207104148_IMG_3466 (1).JPG', '2025-01-21 19:02:47'),
(659, 115, '20241207104210_IMG_3469 (1) - Copy.JPG', '2025-01-21 19:02:53'),
(660, 115, '20241207104312_IMG_3472 - Copy.JPG', '2025-01-21 19:03:09'),
(661, 115, '20241207104559_IMG_3486.JPG', '2025-01-21 19:03:23'),
(662, 115, '20241207105147_IMG_3516.JPG', '2025-01-21 19:03:31'),
(663, 115, '20241207105129_IMG_3515.JPG', '2025-01-21 19:03:36'),
(664, 115, '20241207105210_IMG_3517.JPG', '2025-01-21 19:03:47'),
(665, 115, '20241207105223_IMG_3518.JPG', '2025-01-21 19:03:53'),
(666, 115, '20241207122921_IMG_3539.JPG', '2025-01-21 19:04:06'),
(667, 115, '20241207122955_IMG_3544.JPG', '2025-01-21 19:04:39'),
(668, 115, '20241207123001_IMG_3545.JPG', '2025-01-21 19:04:45'),
(669, 116, '1737515214_20241207093625_IMG_3283 (1).JPG', '2025-01-21 19:06:54'),
(670, 116, '20241207103629_IMG_3441 (1) - Copy.JPG', '2025-01-21 19:07:00'),
(671, 116, '20241207103636_IMG_3442.jpg', '2025-01-21 19:07:08'),
(672, 116, '20241207104148_IMG_3466 (1).JPG', '2025-01-21 19:07:23'),
(673, 116, '20241207104210_IMG_3469 (1) - Copy.JPG', '2025-01-21 19:07:31'),
(674, 116, '20241207104312_IMG_3472 - Copy.JPG', '2025-01-21 19:07:44'),
(675, 116, '20241207104625_IMG_3489.JPG', '2025-01-21 19:07:48'),
(676, 116, '20241207105147_IMG_3516.JPG', '2025-01-21 19:07:55'),
(677, 116, '20241207105210_IMG_3517.JPG', '2025-01-21 19:08:01'),
(678, 116, '20241207105223_IMG_3518.JPG', '2025-01-21 19:08:06'),
(679, 116, '20241207123006_IMG_3546.JPG', '2025-01-21 19:08:19'),
(680, 116, '20241207123012_IMG_3547.JPG', '2025-01-21 19:08:33'),
(681, 116, '20241207123017_IMG_3548.JPG', '2025-01-21 19:08:42'),
(682, 117, '1737515340_20241207093625_IMG_3283 (1).JPG', '2025-01-21 19:09:00'),
(683, 117, '20241207103629_IMG_3441 (1).JPG', '2025-01-21 19:09:27'),
(684, 117, '20241207103636_IMG_3442.jpg', '2025-01-21 19:09:33'),
(685, 117, '20241207104148_IMG_3466 (1).JPG', '2025-01-21 19:09:39'),
(686, 117, '20241207104210_IMG_3469 (1) - Copy.JPG', '2025-01-21 19:10:22'),
(687, 117, '20241207104312_IMG_3472 - Copy.JPG', '2025-01-21 19:10:29'),
(688, 117, '20241207104559_IMG_3486.JPG', '2025-01-21 19:10:42'),
(689, 117, '20241207105147_IMG_3516.JPG', '2025-01-21 19:10:51'),
(690, 117, '20241207105210_IMG_3517.JPG', '2025-01-21 19:11:03'),
(691, 117, '20241207105223_IMG_3518.JPG', '2025-01-21 19:11:15'),
(692, 117, '20241207105302_IMG_3521.JPG', '2025-01-21 19:11:21'),
(693, 117, '20241207123023_IMG_3550.JPG', '2025-01-21 19:11:51'),
(694, 117, '20241207123033_IMG_3551.JPG', '2025-01-21 19:12:01'),
(695, 118, '1737515644_20241207093625_IMG_3283 (1).JPG', '2025-01-21 19:14:04'),
(696, 118, '20241207103629_IMG_3441 (1).JPG', '2025-01-21 19:14:15'),
(697, 118, '20241207103636_IMG_3442.jpg', '2025-01-21 19:14:24'),
(698, 118, '20241207104148_IMG_3466 (1).JPG', '2025-01-21 19:14:35'),
(699, 118, '20241207104210_IMG_3469 (1) - Copy.JPG', '2025-01-21 19:14:45'),
(700, 118, '20241207104312_IMG_3472 - Copy.JPG', '2025-01-21 19:14:59'),
(701, 118, '20241207104559_IMG_3486.JPG', '2025-01-21 19:15:13'),
(702, 118, '20241207105147_IMG_3516.JPG', '2025-01-21 19:15:22'),
(703, 118, '20241207105129_IMG_3515.JPG', '2025-01-21 19:15:31'),
(704, 118, '20241207105210_IMG_3517.JPG', '2025-01-21 19:15:39'),
(705, 118, '20241207105223_IMG_3518.JPG', '2025-01-21 19:15:47'),
(706, 118, '20241207105302_IMG_3521.JPG', '2025-01-21 19:16:11'),
(707, 118, '20241207105412_IMG_3522.JPG', '2025-01-21 19:16:25'),
(708, 118, '20241207105421_IMG_3523.JPG', '2025-01-21 19:16:32'),
(709, 118, '20241207123239_IMG_3557.JPG', '2025-01-21 19:16:40'),
(710, 118, '20241207123248_IMG_3558.JPG', '2025-01-21 19:16:49'),
(711, 118, '20241207123341_IMG_3559.JPG', '2025-01-21 19:16:54'),
(712, 118, '20241207123355_IMG_3560.JPG', '2025-01-21 19:16:59'),
(713, 119, '1737515858_20241207093625_IMG_3283 (1).JPG', '2025-01-21 19:17:38'),
(714, 119, '20241207103629_IMG_3441 (1).JPG', '2025-01-21 19:17:52'),
(715, 119, '20241207103636_IMG_3442.jpg', '2025-01-21 19:18:04'),
(716, 119, '20241207104148_IMG_3466 (1).JPG', '2025-01-21 19:18:13'),
(717, 119, '20241207104210_IMG_3469 (1) - Copy.JPG', '2025-01-21 19:18:23'),
(718, 119, '20241207104312_IMG_3472 - Copy.JPG', '2025-01-21 19:18:32'),
(719, 119, '20241207104534_IMG_3483.JPG', '2025-01-21 19:18:54'),
(720, 119, '20241207105147_IMG_3516.JPG', '2025-01-21 19:19:06'),
(721, 119, '20241207105210_IMG_3517.JPG', '2025-01-21 19:19:12'),
(722, 119, '20241207105223_IMG_3518.JPG', '2025-01-21 19:19:18'),
(723, 119, '20241207105302_IMG_3521.JPG', '2025-01-21 19:19:25'),
(724, 119, '20241207105412_IMG_3522.JPG', '2025-01-21 19:19:31'),
(725, 119, '20241207123239_IMG_3557.JPG', '2025-01-21 19:19:36'),
(726, 119, '20241207123248_IMG_3558.JPG', '2025-01-21 19:19:41'),
(727, 119, '20241207123410_IMG_3561.JPG', '2025-01-21 19:20:31'),
(728, 119, '20241207123416_IMG_3562.JPG', '2025-01-21 19:20:36'),
(729, 119, '20241207123420_IMG_3563.JPG', '2025-01-21 19:20:41'),
(730, 120, '1737516080_20241207093625_IMG_3283 (1).JPG', '2025-01-21 19:21:20'),
(731, 120, '20241207103629_IMG_3441 (1) - Copy.JPG', '2025-01-21 19:21:33'),
(732, 120, '20241207103636_IMG_3442.jpg', '2025-01-21 19:21:39'),
(733, 120, '20241207104148_IMG_3466 (1).JPG', '2025-01-21 19:21:49'),
(734, 120, '20241207104210_IMG_3469 (1) - Copy.JPG', '2025-01-21 19:22:07'),
(735, 120, '20241207104312_IMG_3472 - Copy.JPG', '2025-01-21 19:22:16'),
(736, 120, '20241207104534_IMG_3483.JPG', '2025-01-21 19:22:27'),
(737, 120, '20241207105147_IMG_3516.JPG', '2025-01-21 19:22:40'),
(738, 120, '20241207105210_IMG_3517.JPG', '2025-01-21 19:22:49'),
(739, 120, '20241207105223_IMG_3518.JPG', '2025-01-21 19:23:00'),
(740, 120, '20241207105302_IMG_3521.JPG', '2025-01-21 19:23:11'),
(741, 120, '20241207105412_IMG_3522.JPG', '2025-01-21 19:23:21'),
(742, 120, '20241207105421_IMG_3523.JPG', '2025-01-21 19:23:28'),
(743, 120, '20241207123239_IMG_3557.JPG', '2025-01-21 19:23:35'),
(744, 120, '20241207123248_IMG_3558.JPG', '2025-01-21 19:23:46'),
(745, 120, '20241207123416_IMG_3562.JPG', '2025-01-21 19:23:52'),
(746, 120, '20241207123449_IMG_3566.JPG', '2025-01-21 19:24:23'),
(747, 120, '20241207123453_IMG_3567.JPG', '2025-01-21 19:24:29'),
(748, 121, '1737516364_20241207093625_IMG_3283 (1).JPG', '2025-01-21 19:26:04'),
(749, 121, '20241207103629_IMG_3441 (2).JPG', '2025-01-21 19:26:13'),
(750, 121, '20241207103636_IMG_3442.jpg', '2025-01-21 19:26:25'),
(751, 121, '20241207104148_IMG_3466 (1).JPG', '2025-01-21 20:21:20'),
(752, 121, '20241207104210_IMG_3469 (1) - Copy.JPG', '2025-01-21 20:21:33'),
(753, 121, '20241207104312_IMG_3472 - Copy.JPG', '2025-01-21 20:22:01'),
(754, 121, '20241207104534_IMG_3483.JPG', '2025-01-21 20:22:16'),
(755, 121, '20241207105147_IMG_3516.JPG', '2025-01-21 20:22:33'),
(756, 121, '20241207105210_IMG_3517.JPG', '2025-01-21 20:24:11'),
(757, 121, '20241207105223_IMG_3518.JPG', '2025-01-21 20:24:23'),
(758, 121, '20241207105302_IMG_3521.JPG', '2025-01-21 20:24:31'),
(759, 121, '20241207105412_IMG_3522.JPG', '2025-01-21 20:24:43'),
(760, 121, '20241207105421_IMG_3523.JPG', '2025-01-21 20:24:48'),
(761, 121, '20241207123239_IMG_3557.JPG', '2025-01-21 20:24:53'),
(762, 121, '20241207123248_IMG_3558.JPG', '2025-01-21 20:25:00'),
(763, 121, '20241207123507_IMG_3570.JPG', '2025-01-21 20:25:11'),
(764, 121, '20241207123510_IMG_3571.JPG', '2025-01-21 20:25:20'),
(765, 122, '1737520196_20241207093625_IMG_3283 (1).JPG', '2025-01-21 20:29:56'),
(766, 122, '20241207103629_IMG_3441 (1) - Copy.JPG', '2025-01-21 20:30:34'),
(767, 122, '20241207103636_IMG_3442.jpg', '2025-01-21 20:30:40'),
(768, 122, '20241207104148_IMG_3466 (1).JPG', '2025-01-21 20:30:50'),
(769, 122, '20241207104210_IMG_3469 (1) - Copy.JPG', '2025-01-21 20:30:57'),
(770, 122, '20241207104312_IMG_3472 - Copy.JPG', '2025-01-21 20:31:03'),
(771, 122, '20241207104534_IMG_3483.JPG', '2025-01-21 20:31:56'),
(772, 122, '20241207105147_IMG_3516.JPG', '2025-01-21 20:32:19'),
(773, 122, '20241207105210_IMG_3517.JPG', '2025-01-21 20:35:17'),
(774, 122, '20241207105223_IMG_3518.JPG', '2025-01-21 20:35:22'),
(775, 122, '20241207105302_IMG_3521.JPG', '2025-01-21 20:35:40'),
(776, 122, '20241207105412_IMG_3522.JPG', '2025-01-21 20:35:52'),
(777, 122, '20241207105421_IMG_3523.JPG', '2025-01-21 20:35:56'),
(778, 122, '20241207123239_IMG_3557.JPG', '2025-01-21 20:36:00'),
(779, 122, '20241207123248_IMG_3558.JPG', '2025-01-21 20:36:04'),
(780, 122, '20241207123507_IMG_3570.JPG', '2025-01-21 20:36:09'),
(781, 122, '20241207123528_IMG_3574.JPG', '2025-01-21 20:36:32'),
(782, 122, '20241207123532_IMG_3575.JPG', '2025-01-21 20:36:35'),
(783, 123, '1737520618_20241207093625_IMG_3283 (1).JPG', '2025-01-21 20:36:58'),
(785, 123, '20241207103629_IMG_3441 (1).JPG', '2025-01-21 20:37:33'),
(787, 123, '20241207104148_IMG_3466 (1).JPG', '2025-01-21 20:38:13'),
(788, 123, '20241207104210_IMG_3469 (1) - Copy.JPG', '2025-01-21 20:39:14'),
(789, 123, '20241207104312_IMG_3472 - Copy.JPG', '2025-01-21 20:39:20'),
(790, 123, '20241207104534_IMG_3483.JPG', '2025-01-21 20:39:26'),
(791, 123, '20241207105147_IMG_3516.JPG', '2025-01-21 20:39:44'),
(792, 123, '20241207105210_IMG_3517.JPG', '2025-01-21 20:39:57'),
(793, 123, '20241207105223_IMG_3518.JPG', '2025-01-21 20:40:11'),
(794, 123, '20241207105302_IMG_3521.JPG', '2025-01-21 20:40:43'),
(795, 123, '20241207105412_IMG_3522.JPG', '2025-01-21 20:40:51'),
(796, 123, '20241207105421_IMG_3523.JPG', '2025-01-21 20:40:55'),
(797, 123, '20241207123239_IMG_3557.JPG', '2025-01-21 20:41:02'),
(798, 123, '20241207123248_IMG_3558.JPG', '2025-01-21 20:41:06'),
(799, 123, '20241207123528_IMG_3574.JPG', '2025-01-21 20:41:10'),
(800, 123, '20241207123548_IMG_3578.JPG', '2025-01-21 20:41:34'),
(801, 123, '20241207123554_IMG_3579.JPG', '2025-01-21 20:41:39'),
(808, 126, '1737522108_20241207093625_IMG_3283 (1).JPG', '2025-01-21 21:01:48'),
(809, 126, '1737522108_20241207103629_IMG_3441 (1).JPG', '2025-01-21 21:01:48'),
(810, 126, '1737522108_20241207103636_IMG_3442.jpg', '2025-01-21 21:01:48'),
(811, 126, '1737522108_20241207104148_IMG_3466 (1).JPG', '2025-01-21 21:01:48'),
(812, 126, '1737522108_20241207104210_IMG_3469 (1).JPG', '2025-01-21 21:01:48'),
(813, 126, '1737522108_20241207104312_IMG_3472.JPG', '2025-01-21 21:01:48'),
(814, 126, '1737522108_20241207104534_IMG_3483.JPG', '2025-01-21 21:01:48'),
(815, 126, '20241207105012_IMG_3509.JPG', '2025-01-21 21:13:07'),
(816, 126, '20241207105129_IMG_3515.JPG', '2025-01-21 21:13:07'),
(817, 126, '20241207105210_IMG_3517.JPG', '2025-01-21 21:13:07'),
(818, 126, '20241207105223_IMG_3518.JPG', '2025-01-21 21:13:07'),
(819, 126, '20241207105302_IMG_3521.JPG', '2025-01-21 21:13:07'),
(820, 126, '20241207105412_IMG_3522.JPG', '2025-01-21 21:13:07'),
(821, 126, '20241207105421_IMG_3523.JPG', '2025-01-21 21:13:07'),
(822, 126, '20241207123239_IMG_3557.JPG', '2025-01-21 21:13:07'),
(823, 126, '20241207123248_IMG_3558.JPG', '2025-01-21 21:13:36'),
(824, 126, '20241207123603_IMG_3581.JPG', '2025-01-21 21:13:36'),
(825, 126, '20241207123609_IMG_3582.JPG', '2025-01-21 21:13:36'),
(826, 126, '20241207123614_IMG_3583.JPG', '2025-01-21 21:13:36'),
(827, 126, '20241207123618_IMG_3584 (1).JPG', '2025-01-21 21:13:36'),
(828, 127, '1737523032_20241207093625_IMG_3283 (1).JPG', '2025-01-21 21:17:12'),
(829, 127, '1737523032_20241207103629_IMG_3441 (1).JPG', '2025-01-21 21:17:12'),
(830, 127, '1737523032_20241207103636_IMG_3442.jpg', '2025-01-21 21:17:12'),
(831, 127, '1737523032_20241207104148_IMG_3466 (1).JPG', '2025-01-21 21:17:12'),
(832, 127, '1737523032_20241207104210_IMG_3469 (1).JPG', '2025-01-21 21:17:12'),
(833, 127, '1737523032_20241207104312_IMG_3472.JPG', '2025-01-21 21:17:12'),
(834, 127, '1737523032_20241207104534_IMG_3483.JPG', '2025-01-21 21:17:12'),
(835, 127, '20241207105012_IMG_3509.JPG', '2025-01-21 21:17:45'),
(836, 127, '20241207105129_IMG_3515.JPG', '2025-01-21 21:17:45'),
(837, 127, '20241207105210_IMG_3517.JPG', '2025-01-21 21:17:45'),
(838, 127, '20241207105223_IMG_3518.JPG', '2025-01-21 21:17:45'),
(839, 127, '20241207105302_IMG_3521.JPG', '2025-01-21 21:17:45'),
(840, 127, '20241207105412_IMG_3522.JPG', '2025-01-21 21:17:45'),
(841, 127, '20241207105421_IMG_3523.JPG', '2025-01-21 21:17:45'),
(842, 127, '20241207123239_IMG_3557.JPG', '2025-01-21 21:17:45'),
(843, 127, '20241207123248_IMG_3558.JPG', '2025-01-21 21:18:23'),
(844, 127, '20241207123507_IMG_3570.JPG', '2025-01-21 21:18:23'),
(845, 127, '20241207123704_IMG_3585.JPG', '2025-01-21 21:18:23'),
(846, 127, '20241207123708_IMG_3586.JPG', '2025-01-21 21:18:23'),
(847, 127, '20241207123728_IMG_3587.JPG', '2025-01-21 21:18:23'),
(848, 127, '20241207123733_IMG_3588 (1).JPG', '2025-01-21 21:18:23'),
(849, 127, '20241207123738_IMG_3589.JPG', '2025-01-21 21:18:23'),
(850, 127, '20241207123745_IMG_3590.JPG', '2025-01-21 21:18:23'),
(851, 128, '20241207093625_IMG_3283 (1).JPG', '2025-01-21 21:20:06'),
(852, 128, '20241207103629_IMG_3441 (1).JPG', '2025-01-21 21:20:06'),
(853, 128, '20241207103636_IMG_3442.jpg', '2025-01-21 21:20:06'),
(854, 128, '20241207104148_IMG_3466 (1).JPG', '2025-01-21 21:20:06'),
(855, 128, '20241207104210_IMG_3469 (1).JPG', '2025-01-21 21:20:06'),
(856, 128, '20241207104312_IMG_3472.JPG', '2025-01-21 21:20:06'),
(857, 128, '20241207104534_IMG_3483.JPG', '2025-01-21 21:20:06'),
(858, 128, '20241207105012_IMG_3509.JPG', '2025-01-21 21:20:06'),
(859, 128, '20241207105129_IMG_3515.JPG', '2025-01-21 21:20:31'),
(860, 128, '20241207105210_IMG_3517.JPG', '2025-01-21 21:20:31'),
(861, 128, '20241207105223_IMG_3518.JPG', '2025-01-21 21:20:31'),
(862, 128, '20241207105302_IMG_3521.JPG', '2025-01-21 21:20:31'),
(863, 128, '20241207105412_IMG_3522.JPG', '2025-01-21 21:20:31'),
(864, 128, '20241207105421_IMG_3523.JPG', '2025-01-21 21:20:31'),
(865, 128, '20241207123239_IMG_3557.JPG', '2025-01-21 21:20:31'),
(866, 128, '20241207123248_IMG_3558.JPG', '2025-01-21 21:20:31'),
(867, 128, '20241207123507_IMG_3570.JPG', '2025-01-21 21:21:01'),
(868, 128, '20241207123704_IMG_3585.JPG', '2025-01-21 21:21:01'),
(869, 128, '20241207123708_IMG_3586.JPG', '2025-01-21 21:21:01'),
(870, 128, '20241207123728_IMG_3587.JPG', '2025-01-21 21:21:01'),
(871, 128, '20241207123733_IMG_3588 (1).JPG', '2025-01-21 21:21:01'),
(872, 128, '20241207123751_IMG_3591 (1).JPG', '2025-01-21 21:21:01'),
(873, 128, '20241207123852_IMG_3596.JPG', '2025-01-21 21:22:40'),
(874, 128, '20241207123858_IMG_3597.JPG', '2025-01-21 21:22:40'),
(875, 128, '20241207123901_IMG_3598.JPG', '2025-01-21 21:22:40'),
(876, 129, '1737523402_20241207093625_IMG_3283 (1).JPG', '2025-01-21 21:23:22'),
(877, 129, '1737523402_20241207103629_IMG_3441 (1).JPG', '2025-01-21 21:23:22'),
(878, 129, '1737523402_20241207103636_IMG_3442.jpg', '2025-01-21 21:23:22'),
(879, 129, '1737523402_20241207104148_IMG_3466 (1).JPG', '2025-01-21 21:23:22'),
(880, 129, '1737523402_20241207104210_IMG_3469 (1).JPG', '2025-01-21 21:23:22'),
(881, 129, '1737523402_20241207104312_IMG_3472.JPG', '2025-01-21 21:23:22'),
(882, 129, '1737523402_20241207104534_IMG_3483.JPG', '2025-01-21 21:23:22'),
(883, 129, '1737523402_20241207105012_IMG_3509.JPG', '2025-01-21 21:23:22'),
(884, 129, '20241207105129_IMG_3515.JPG', '2025-01-21 21:23:46'),
(885, 129, '20241207105210_IMG_3517.JPG', '2025-01-21 21:23:46'),
(886, 129, '20241207105223_IMG_3518.JPG', '2025-01-21 21:23:46'),
(887, 129, '20241207105302_IMG_3521.JPG', '2025-01-21 21:23:46'),
(888, 129, '20241207105412_IMG_3522.JPG', '2025-01-21 21:23:46'),
(889, 129, '20241207105421_IMG_3523.JPG', '2025-01-21 21:23:46'),
(890, 129, '20241207123239_IMG_3557.JPG', '2025-01-21 21:23:46'),
(891, 129, '20241207123248_IMG_3558.JPG', '2025-01-21 21:23:46'),
(892, 129, '20241207123507_IMG_3570.JPG', '2025-01-21 21:24:26'),
(893, 129, '20241207123704_IMG_3585.JPG', '2025-01-21 21:24:26'),
(894, 129, '20241207123708_IMG_3586.JPG', '2025-01-21 21:24:26'),
(895, 129, '20241207123728_IMG_3587.JPG', '2025-01-21 21:24:26'),
(896, 129, '20241207123733_IMG_3588 (1).JPG', '2025-01-21 21:24:26'),
(897, 129, '20241207123852_IMG_3596.JPG', '2025-01-21 21:24:26'),
(898, 129, '20241207123912_IMG_3600.JPG', '2025-01-21 21:24:26'),
(899, 129, '20241207123916_IMG_3601.JPG', '2025-01-21 21:24:26'),
(900, 130, '1737523506_20241207093625_IMG_3283 (1).JPG', '2025-01-21 21:25:06'),
(901, 130, '1737523506_20241207103629_IMG_3441 (1).JPG', '2025-01-21 21:25:06'),
(902, 130, '1737523506_20241207103636_IMG_3442.jpg', '2025-01-21 21:25:06'),
(903, 130, '1737523506_20241207104148_IMG_3466 (1).JPG', '2025-01-21 21:25:06'),
(904, 130, '1737523506_20241207104210_IMG_3469 (1).JPG', '2025-01-21 21:25:06'),
(905, 130, '1737523506_20241207104312_IMG_3472.JPG', '2025-01-21 21:25:06'),
(906, 130, '1737523506_20241207104534_IMG_3483.JPG', '2025-01-21 21:25:06'),
(907, 130, '1737523506_20241207105012_IMG_3509.JPG', '2025-01-21 21:25:06'),
(908, 130, '20241207105129_IMG_3515.JPG', '2025-01-21 21:25:26'),
(909, 130, '20241207105210_IMG_3517.JPG', '2025-01-21 21:25:26'),
(910, 130, '20241207105223_IMG_3518.JPG', '2025-01-21 21:25:26'),
(911, 130, '20241207105302_IMG_3521.JPG', '2025-01-21 21:25:26'),
(912, 130, '20241207105412_IMG_3522.JPG', '2025-01-21 21:25:26'),
(913, 130, '20241207105421_IMG_3523.JPG', '2025-01-21 21:25:26'),
(914, 130, '20241207123239_IMG_3557.JPG', '2025-01-21 21:25:26'),
(915, 130, '20241207123248_IMG_3558.JPG', '2025-01-21 21:25:26'),
(916, 130, '20241207123248_IMG_3558.JPG', '2025-01-21 21:26:09'),
(917, 130, '20241207123507_IMG_3570.JPG', '2025-01-21 21:26:09'),
(918, 130, '20241207123704_IMG_3585.JPG', '2025-01-21 21:26:09'),
(919, 130, '20241207123708_IMG_3586.JPG', '2025-01-21 21:26:09'),
(920, 130, '20241207123728_IMG_3587.JPG', '2025-01-21 21:26:09'),
(921, 130, '20241207123733_IMG_3588 (1).JPG', '2025-01-21 21:26:09'),
(922, 130, '20241207123852_IMG_3596.JPG', '2025-01-21 21:26:09'),
(923, 130, '20241207123933_IMG_3603 (1).JPG', '2025-01-21 21:26:09'),
(924, 130, '20241207123942_IMG_3605.JPG', '2025-01-21 21:26:30'),
(925, 130, '20241207123948_IMG_3606.JPG', '2025-01-21 21:26:30'),
(926, 131, '1737524145_20241207093625_IMG_3283 (1).JPG', '2025-01-21 21:35:45'),
(927, 131, '1737524145_20241207103629_IMG_3441 (1).JPG', '2025-01-21 21:35:45'),
(928, 131, '1737524145_20241207103636_IMG_3442.jpg', '2025-01-21 21:35:45'),
(929, 131, '1737524146_20241207104148_IMG_3466 (1).JPG', '2025-01-21 21:35:46'),
(930, 131, '1737524146_20241207104210_IMG_3469 (1).JPG', '2025-01-21 21:35:46'),
(931, 131, '1737524146_20241207104312_IMG_3472.JPG', '2025-01-21 21:35:46'),
(932, 131, '1737524146_20241207104534_IMG_3483.JPG', '2025-01-21 21:35:46'),
(933, 131, '1737524146_20241207105012_IMG_3509.JPG', '2025-01-21 21:35:46'),
(934, 131, '20241207105129_IMG_3515.JPG', '2025-01-21 21:37:55'),
(935, 131, '20241207105210_IMG_3517.JPG', '2025-01-21 21:37:55'),
(936, 131, '20241207105223_IMG_3518.JPG', '2025-01-21 21:37:56'),
(937, 131, '20241207105302_IMG_3521.JPG', '2025-01-21 21:37:56'),
(938, 131, '20241207105412_IMG_3522.JPG', '2025-01-21 21:37:56'),
(939, 131, '20241207105421_IMG_3523.JPG', '2025-01-21 21:37:56'),
(940, 131, '20241207123239_IMG_3557.JPG', '2025-01-21 21:37:56'),
(941, 131, '20241207123248_IMG_3558.JPG', '2025-01-21 21:37:56'),
(942, 131, '20241207123507_IMG_3570.JPG', '2025-01-22 01:50:10'),
(943, 131, '20241207123704_IMG_3585.JPG', '2025-01-22 01:50:10'),
(944, 131, '20241207123708_IMG_3586.JPG', '2025-01-22 01:50:10'),
(945, 131, '20241207123728_IMG_3587.JPG', '2025-01-22 01:50:10'),
(946, 131, '20241207123733_IMG_3588 (1).JPG', '2025-01-22 01:50:10'),
(947, 131, '20241207123852_IMG_3596.JPG', '2025-01-22 01:50:10'),
(948, 131, '20241207123958_IMG_3608.JPG', '2025-01-22 01:51:23'),
(949, 131, '20241207124003_IMG_3609.JPG', '2025-01-22 01:51:37'),
(950, 132, '1737539535_20241207093625_IMG_3283 (1).JPG', '2025-01-22 01:52:15'),
(951, 132, '1737539535_20241207103629_IMG_3441 (1).JPG', '2025-01-22 01:52:15'),
(952, 132, '1737539535_20241207103636_IMG_3442.jpg', '2025-01-22 01:52:15'),
(953, 132, '1737539535_20241207104148_IMG_3466 (1).JPG', '2025-01-22 01:52:15'),
(954, 132, '1737539535_20241207104210_IMG_3469 (1).JPG', '2025-01-22 01:52:15'),
(955, 132, '1737539535_20241207104312_IMG_3472.JPG', '2025-01-22 01:52:15'),
(956, 132, '1737539535_20241207104534_IMG_3483.JPG', '2025-01-22 01:52:15'),
(957, 132, '1737539535_20241207105012_IMG_3509.JPG', '2025-01-22 01:52:15'),
(958, 132, '20241207105129_IMG_3515.JPG', '2025-01-22 01:52:47'),
(959, 132, '20241207105210_IMG_3517.JPG', '2025-01-22 01:52:47'),
(960, 132, '20241207105223_IMG_3518.JPG', '2025-01-22 01:52:47'),
(961, 132, '20241207105302_IMG_3521.JPG', '2025-01-22 01:52:47'),
(962, 132, '20241207105412_IMG_3522.JPG', '2025-01-22 01:52:47'),
(963, 132, '20241207105421_IMG_3523.JPG', '2025-01-22 01:52:47'),
(964, 132, '20241207123239_IMG_3557.JPG', '2025-01-22 01:52:47'),
(965, 132, '20241207123248_IMG_3558.JPG', '2025-01-22 01:52:47'),
(966, 132, '20241207123507_IMG_3570.JPG', '2025-01-22 01:53:29'),
(967, 132, '20241207123704_IMG_3585.JPG', '2025-01-22 01:53:29'),
(968, 132, '20241207123708_IMG_3586.JPG', '2025-01-22 01:53:29'),
(969, 132, '20241207123728_IMG_3587.JPG', '2025-01-22 01:53:29'),
(970, 132, '20241207123507_IMG_3570.JPG', '2025-01-22 01:53:30'),
(971, 132, '20241207123704_IMG_3585.JPG', '2025-01-22 01:53:30'),
(972, 132, '20241207123708_IMG_3586.JPG', '2025-01-22 01:53:30'),
(973, 132, '20241207123728_IMG_3587.JPG', '2025-01-22 01:53:30'),
(974, 132, '20241207123733_IMG_3588 (1).JPG', '2025-01-22 01:53:30'),
(975, 132, '20241207123852_IMG_3596.JPG', '2025-01-22 01:53:30'),
(976, 132, '20241207124018_IMG_3612.JPG', '2025-01-22 01:53:30'),
(977, 132, '20241207124021_IMG_3613.JPG', '2025-01-22 01:53:30'),
(978, 133, '1737539705_20241207093625_IMG_3283 (1).JPG', '2025-01-22 01:55:05'),
(979, 133, '1737539705_20241207103629_IMG_3441 (1).JPG', '2025-01-22 01:55:05'),
(980, 133, '1737539705_20241207103636_IMG_3442.jpg', '2025-01-22 01:55:05'),
(981, 133, '1737539705_20241207104148_IMG_3466 (1).JPG', '2025-01-22 01:55:05'),
(982, 133, '1737539705_20241207104210_IMG_3469 (1).JPG', '2025-01-22 01:55:05'),
(983, 133, '1737539705_20241207104312_IMG_3472.JPG', '2025-01-22 01:55:05'),
(984, 133, '1737539705_20241207104534_IMG_3483.JPG', '2025-01-22 01:55:05'),
(985, 133, '1737539705_20241207105012_IMG_3509.JPG', '2025-01-22 01:55:05'),
(986, 133, '20241207105129_IMG_3515.JPG', '2025-01-22 01:56:07'),
(987, 133, '20241207105210_IMG_3517.JPG', '2025-01-22 01:56:07'),
(988, 133, '20241207105223_IMG_3518.JPG', '2025-01-22 01:56:07'),
(989, 133, '20241207105302_IMG_3521.JPG', '2025-01-22 01:56:07'),
(990, 133, '20241207105412_IMG_3522.JPG', '2025-01-22 01:56:07'),
(991, 133, '20241207105421_IMG_3523.JPG', '2025-01-22 01:56:07'),
(992, 133, '20241207123239_IMG_3557.JPG', '2025-01-22 01:56:07'),
(993, 133, '20241207123248_IMG_3558.JPG', '2025-01-22 01:56:07'),
(994, 133, '20241207123507_IMG_3570.JPG', '2025-01-22 01:56:49'),
(995, 133, '20241207123704_IMG_3585.JPG', '2025-01-22 01:56:49'),
(996, 133, '20241207123708_IMG_3586.JPG', '2025-01-22 01:56:49'),
(997, 133, '20241207123728_IMG_3587.JPG', '2025-01-22 01:56:49'),
(998, 133, '20241207123733_IMG_3588 (1).JPG', '2025-01-22 01:56:49'),
(999, 133, '20241207123912_IMG_3600.JPG', '2025-01-22 01:56:49'),
(1000, 133, '20241207124032_IMG_3616.JPG', '2025-01-22 01:56:49'),
(1001, 133, '20241207124037_IMG_3617.JPG', '2025-01-22 01:56:49'),
(1002, 134, '1737539857_20241207093625_IMG_3283 (1).JPG', '2025-01-22 01:57:37'),
(1003, 134, '1737539857_20241207103629_IMG_3441 (1).JPG', '2025-01-22 01:57:37'),
(1004, 134, '1737539857_20241207103636_IMG_3442.jpg', '2025-01-22 01:57:37'),
(1005, 134, '1737539857_20241207104148_IMG_3466 (1).JPG', '2025-01-22 01:57:37'),
(1006, 134, '1737539857_20241207104210_IMG_3469 (1).JPG', '2025-01-22 01:57:37'),
(1007, 134, '1737539857_20241207104312_IMG_3472.JPG', '2025-01-22 01:57:37'),
(1008, 134, '1737539857_20241207104534_IMG_3483.JPG', '2025-01-22 01:57:37'),
(1009, 134, '1737539857_20241207105012_IMG_3509.JPG', '2025-01-22 01:57:37'),
(1010, 134, '20241207105129_IMG_3515.JPG', '2025-01-22 01:58:04'),
(1011, 134, '20241207105210_IMG_3517.JPG', '2025-01-22 01:58:04'),
(1012, 134, '20241207105223_IMG_3518.JPG', '2025-01-22 01:58:04'),
(1013, 134, '20241207105302_IMG_3521.JPG', '2025-01-22 01:58:04'),
(1014, 134, '20241207105412_IMG_3522.JPG', '2025-01-22 01:58:04'),
(1015, 134, '20241207105421_IMG_3523.JPG', '2025-01-22 01:58:04'),
(1016, 134, '20241207123239_IMG_3557.JPG', '2025-01-22 01:58:04'),
(1017, 134, '20241207123248_IMG_3558.JPG', '2025-01-22 01:58:04'),
(1018, 134, '20241207123507_IMG_3570.JPG', '2025-01-22 01:58:35'),
(1019, 134, '20241207123704_IMG_3585.JPG', '2025-01-22 01:58:35'),
(1020, 134, '20241207123708_IMG_3586.JPG', '2025-01-22 01:58:35'),
(1021, 134, '20241207123728_IMG_3587.JPG', '2025-01-22 01:58:35'),
(1022, 134, '20241207123733_IMG_3588 (1).JPG', '2025-01-22 01:58:35'),
(1023, 134, '20241207123852_IMG_3596.JPG', '2025-01-22 01:58:35'),
(1024, 134, '20241207124040_IMG_3618.JPG', '2025-01-22 01:58:35'),
(1025, 134, '20241207124048_IMG_3619.JPG', '2025-01-22 01:58:35'),
(1026, 134, '20241207124102_IMG_3621.JPG', '2025-01-22 01:59:17'),
(1027, 134, '20241207124124_IMG_3622.JPG', '2025-01-22 01:59:17'),
(1028, 134, '20241207124143_IMG_3624.JPG', '2025-01-22 01:59:17'),
(1029, 135, '1737540277_20241207093625_IMG_3283 (1).JPG', '2025-01-22 02:04:37'),
(1030, 135, '1737540277_20241207103629_IMG_3441 (1).JPG', '2025-01-22 02:04:37'),
(1031, 135, '1737540277_20241207103636_IMG_3442.jpg', '2025-01-22 02:04:37'),
(1032, 135, '1737540277_20241207104148_IMG_3466 (1).JPG', '2025-01-22 02:04:37'),
(1033, 135, '1737540277_20241207104200_IMG_3467 (1).JPG', '2025-01-22 02:04:37'),
(1034, 135, '1737540277_20241207104210_IMG_3469 (1).JPG', '2025-01-22 02:04:37'),
(1035, 135, '1737540277_20241207104312_IMG_3472.JPG', '2025-01-22 02:04:37'),
(1036, 135, '1737540277_20241207104534_IMG_3483.JPG', '2025-01-22 02:04:37'),
(1037, 135, '20241207104654_IMG_3492.JPG', '2025-01-22 02:07:21'),
(1038, 135, '20241207104716_IMG_3493.JPG', '2025-01-22 02:07:21'),
(1039, 135, '20241207104726_IMG_3494.JPG', '2025-01-22 02:07:21'),
(1040, 135, '20241207104734_IMG_3495.JPG', '2025-01-22 02:07:21'),
(1041, 136, '1737540476_20241207093625_IMG_3283 (1).JPG', '2025-01-22 02:07:56'),
(1042, 136, '1737540476_20241207103629_IMG_3441 (1).JPG', '2025-01-22 02:07:56'),
(1043, 136, '1737540476_20241207103636_IMG_3442.jpg', '2025-01-22 02:07:56'),
(1044, 136, '1737540476_20241207104148_IMG_3466 (1).JPG', '2025-01-22 02:07:56'),
(1045, 136, '1737540476_20241207104200_IMG_3467 (1).JPG', '2025-01-22 02:07:56'),
(1046, 136, '1737540476_20241207104210_IMG_3469 (1).JPG', '2025-01-22 02:07:56'),
(1047, 136, '1737540476_20241207104312_IMG_3472.JPG', '2025-01-22 02:07:56'),
(1048, 136, '1737540476_20241207104534_IMG_3483.JPG', '2025-01-22 02:07:56'),
(1049, 136, '20241207104654_IMG_3492.JPG', '2025-01-22 02:09:06'),
(1050, 136, '20241207104716_IMG_3493.JPG', '2025-01-22 02:09:06'),
(1051, 136, '20241207104737_IMG_3496.JPG', '2025-01-22 02:09:06'),
(1052, 136, '20241207104745_IMG_3497 (1).JPG', '2025-01-22 02:09:06'),
(1053, 136, '20241207104801_IMG_3498.JPG', '2025-01-22 02:09:06'),
(1054, 137, '1737540593_20241207093625_IMG_3283 (1).JPG', '2025-01-22 02:09:53'),
(1055, 137, '1737540593_20241207103629_IMG_3441 (1).JPG', '2025-01-22 02:09:53'),
(1056, 137, '1737540593_20241207103636_IMG_3442.jpg', '2025-01-22 02:09:53'),
(1057, 137, '1737540593_20241207104148_IMG_3466 (1).JPG', '2025-01-22 02:09:53'),
(1058, 137, '1737540593_20241207104200_IMG_3467 (1).JPG', '2025-01-22 02:09:53'),
(1059, 137, '1737540593_20241207104210_IMG_3469 (1).JPG', '2025-01-22 02:09:53'),
(1060, 137, '1737540593_20241207104312_IMG_3472.JPG', '2025-01-22 02:09:53'),
(1061, 137, '1737540593_20241207104534_IMG_3483.JPG', '2025-01-22 02:09:53'),
(1062, 137, '20241207104654_IMG_3492.JPG', '2025-01-22 02:11:01'),
(1063, 137, '20241207104716_IMG_3493.JPG', '2025-01-22 02:11:01'),
(1064, 137, '20241207104737_IMG_3496.JPG', '2025-01-22 02:11:01'),
(1065, 137, '20241207104809_IMG_3499.JPG', '2025-01-22 02:11:01'),
(1066, 137, '20241207104816_IMG_3500.JPG', '2025-01-22 02:11:01'),
(1067, 138, '1737540729_20241207093625_IMG_3283 (1).JPG', '2025-01-22 02:12:09'),
(1068, 138, '1737540729_20241207103629_IMG_3441 (1).JPG', '2025-01-22 02:12:09'),
(1069, 138, '1737540729_20241207103636_IMG_3442.jpg', '2025-01-22 02:12:09'),
(1070, 138, '1737540729_20241207104148_IMG_3466 (1).JPG', '2025-01-22 02:12:09'),
(1071, 138, '1737540729_20241207104200_IMG_3467 (1).JPG', '2025-01-22 02:12:09'),
(1072, 138, '1737540729_20241207104210_IMG_3469 (1).JPG', '2025-01-22 02:12:09'),
(1073, 138, '1737540729_20241207104312_IMG_3472.JPG', '2025-01-22 02:12:09'),
(1074, 138, '1737540729_20241207104534_IMG_3483.JPG', '2025-01-22 02:12:09'),
(1075, 138, '20241207104654_IMG_3492.JPG', '2025-01-22 02:13:00'),
(1076, 138, '20241207104716_IMG_3493.JPG', '2025-01-22 02:13:00'),
(1077, 138, '20241207104737_IMG_3496.JPG', '2025-01-22 02:13:00'),
(1078, 138, '20241207104809_IMG_3499.JPG', '2025-01-22 02:13:00'),
(1079, 138, '20241207104825_IMG_3502.JPG', '2025-01-22 02:13:00'),
(1080, 138, '20241207104846_IMG_3503.JPG', '2025-01-22 02:13:00'),
(1081, 138, '20241207104851_IMG_3504.JPG', '2025-01-22 02:13:00'),
(1082, 138, '20241207104901_IMG_3505 (1).JPG', '2025-01-22 02:13:00'),
(1083, 139, '1737540835_20241207093625_IMG_3283 (1).JPG', '2025-01-22 02:13:55'),
(1084, 139, '1737540835_20241207103629_IMG_3441 (1).JPG', '2025-01-22 02:13:55'),
(1085, 139, '1737540835_20241207103636_IMG_3442.jpg', '2025-01-22 02:13:55'),
(1086, 139, '1737540835_20241207104148_IMG_3466 (1).JPG', '2025-01-22 02:13:55'),
(1087, 139, '1737540835_20241207104200_IMG_3467 (1).JPG', '2025-01-22 02:13:55'),
(1088, 139, '1737540835_20241207104210_IMG_3469 (1).JPG', '2025-01-22 02:13:55'),
(1089, 139, '1737540835_20241207104312_IMG_3472.JPG', '2025-01-22 02:13:55'),
(1090, 139, '1737540835_20241207104534_IMG_3483.JPG', '2025-01-22 02:13:55'),
(1091, 139, '20241207104654_IMG_3492.JPG', '2025-01-22 02:14:25'),
(1092, 139, '20241207104716_IMG_3493.JPG', '2025-01-22 02:14:25'),
(1093, 139, '20241207104737_IMG_3496.JPG', '2025-01-22 02:14:25'),
(1094, 139, '20241207104809_IMG_3499 (1).JPG', '2025-01-22 02:14:25'),
(1095, 139, '20241207104846_IMG_3503.JPG', '2025-01-22 02:14:25'),
(1096, 139, '20241207104910_IMG_3506.JPG', '2025-01-22 02:14:25'),
(1097, 139, '20241207104919_IMG_3507.JPG', '2025-01-22 02:14:25'),
(1098, 139, '20241207104931_IMG_3508.JPG', '2025-01-22 02:14:25'),
(1099, 140, '1737540926_20241207093625_IMG_3283 (1).JPG', '2025-01-22 02:15:26'),
(1100, 140, '1737540926_20241207103629_IMG_3441 (1).JPG', '2025-01-22 02:15:26'),
(1101, 140, '1737540926_20241207103636_IMG_3442.jpg', '2025-01-22 02:15:26'),
(1102, 140, '1737540926_20241207104148_IMG_3466 (1).JPG', '2025-01-22 02:15:26'),
(1103, 140, '1737540926_20241207104210_IMG_3469 (1).JPG', '2025-01-22 02:15:26'),
(1104, 140, '1737540926_20241207104312_IMG_3472.JPG', '2025-01-22 02:15:26'),
(1105, 140, '1737540926_20241207104534_IMG_3483.JPG', '2025-01-22 02:15:26'),
(1106, 140, '1737540926_20241207105012_IMG_3509.JPG', '2025-01-22 02:15:26'),
(1107, 140, '20241207105129_IMG_3515.JPG', '2025-01-22 02:16:15'),
(1108, 140, '20241207105210_IMG_3517.JPG', '2025-01-22 02:16:15'),
(1109, 140, '20241207105223_IMG_3518.JPG', '2025-01-22 02:16:15'),
(1110, 140, '20241207105302_IMG_3521.JPG', '2025-01-22 02:16:15'),
(1111, 140, '20241207105412_IMG_3522.JPG', '2025-01-22 02:16:15'),
(1112, 140, '20241207105421_IMG_3523.JPG', '2025-01-22 02:16:15'),
(1113, 140, '20241207123239_IMG_3557.JPG', '2025-01-22 02:16:15'),
(1114, 140, '20241207123248_IMG_3558.JPG', '2025-01-22 02:16:15'),
(1115, 140, '20241207105302_IMG_3521.JPG', '2025-01-22 02:17:24'),
(1116, 140, '20241207105412_IMG_3522.JPG', '2025-01-22 02:17:24'),
(1117, 140, '20241207105421_IMG_3523.JPG', '2025-01-22 02:17:24'),
(1118, 140, '20241207123239_IMG_3557.JPG', '2025-01-22 02:17:24'),
(1119, 140, '20241207123248_IMG_3558.JPG', '2025-01-22 02:17:24');
INSERT INTO `room_images` (`image_id`, `room_id`, `image_path`, `created_at`) VALUES
(1120, 140, '20241207123754_IMG_3592 (1).JPG', '2025-01-22 02:18:32'),
(1121, 140, '20241207123803_IMG_3593.JPG', '2025-01-22 02:18:52'),
(1122, 140, '20241207123811_IMG_3594.JPG', '2025-01-22 02:18:52'),
(1123, 140, '20241207123826_IMG_3595.JPG', '2025-01-22 02:18:52'),
(1130, 142, '1737550927_1 (1).JPG', '2025-01-22 05:02:07'),
(1131, 142, '1737550927_2.JPG', '2025-01-22 05:02:07'),
(1132, 142, '1737550927_3.JPG', '2025-01-22 05:02:07'),
(1134, 142, '1737550927_20241207101943_IMG_3389.JPG', '2025-01-22 05:02:07'),
(1135, 142, '20241207100818_IMG_3349.JPG', '2025-01-22 05:04:47'),
(1136, 142, '20241207100858_IMG_3351.JPG', '2025-01-22 05:04:47'),
(1137, 142, '20241207100913_IMG_3352.JPG', '2025-01-22 05:04:47'),
(1138, 142, '20241207100929_IMG_3353.JPG', '2025-01-22 05:04:47'),
(1141, 143, '1737551204_1 (1).JPG', '2025-01-22 05:06:44'),
(1142, 143, '1737551204_2.JPG', '2025-01-22 05:06:44'),
(1143, 143, '1737551204_3.JPG', '2025-01-22 05:06:44'),
(1144, 143, '20241207101943_IMG_3389.JPG', '2025-01-22 05:07:18'),
(1146, 143, '20241207100818_IMG_3349.JPG', '2025-01-22 05:07:41'),
(1147, 143, '20241207100836_IMG_3350.JPG', '2025-01-22 05:07:54'),
(1153, 144, '1737551452_1 (1).JPG', '2025-01-22 05:10:52'),
(1154, 144, '1737551452_2.JPG', '2025-01-22 05:10:52'),
(1155, 144, '1737551452_20241207101943_IMG_3389.JPG', '2025-01-22 05:10:52'),
(1156, 144, '20241207101009_IMG_3354.JPG', '2025-01-22 05:13:11'),
(1157, 144, '20241207101019_IMG_3355.JPG', '2025-01-22 05:13:11'),
(1158, 144, '20241207101033_IMG_3356.JPG', '2025-01-22 05:13:12'),
(1159, 144, '20241207101048_IMG_3357.JPG', '2025-01-22 05:13:13'),
(1160, 144, '20241207101157_IMG_3362.JPG', '2025-01-22 05:13:14'),
(1161, 144, '20241207101219_IMG_3363.JPG', '2025-01-22 05:13:14'),
(1162, 144, '20241207101226_IMG_3364.JPG', '2025-01-22 05:13:14'),
(1163, 145, '1737551644_1 (1).JPG', '2025-01-22 05:14:04'),
(1164, 145, '1737551644_2.JPG', '2025-01-22 05:14:04'),
(1165, 145, '1737551644_3.JPG', '2025-01-22 05:14:04'),
(1166, 145, '1737551644_20241207101943_IMG_3389.JPG', '2025-01-22 05:14:04'),
(1167, 145, '20241207101009_IMG_3354.JPG', '2025-01-22 05:14:41'),
(1168, 145, '20241207101019_IMG_3355.JPG', '2025-01-22 05:14:41'),
(1169, 145, '20241207101033_IMG_3356.JPG', '2025-01-22 05:14:41'),
(1170, 145, '20241207101048_IMG_3357.JPG', '2025-01-22 05:14:41'),
(1171, 145, '20241207101113_IMG_3358.JPG', '2025-01-22 05:14:41'),
(1172, 145, '20241207101136_IMG_3361.JPG', '2025-01-22 05:14:41'),
(1173, 146, '1737552401_1 (1).JPG', '2025-01-22 05:26:41'),
(1174, 146, '1737552401_2.JPG', '2025-01-22 05:26:41'),
(1175, 146, '1737552401_3.JPG', '2025-01-22 05:26:41'),
(1176, 146, '1737552401_20241207101943_IMG_3389.JPG', '2025-01-22 05:26:41'),
(1177, 146, '20241207101009_IMG_3354.JPG', '2025-01-22 05:28:44'),
(1178, 146, '20241207101019_IMG_3355.JPG', '2025-01-22 05:28:44'),
(1179, 146, '20241207101033_IMG_3356.JPG', '2025-01-22 05:28:44'),
(1180, 146, '20241207101249_IMG_3365.JPG', '2025-01-22 05:29:30'),
(1181, 146, '20241207101300_IMG_3367.JPG', '2025-01-22 05:29:30'),
(1182, 146, '20241207101311_IMG_3368.JPG', '2025-01-22 05:29:30'),
(1183, 146, '20241207101324_IMG_3369.JPG', '2025-01-22 05:29:30'),
(1184, 146, '20241207101354_IMG_3371 (1).JPG', '2025-01-22 05:29:30'),
(1185, 146, '20241207101447_IMG_3374.JPG', '2025-01-22 05:29:30'),
(1186, 146, '20241207101502_IMG_3375.JPG', '2025-01-22 05:29:30'),
(1187, 146, '20241207101514_IMG_3376.JPG', '2025-01-22 05:29:30'),
(1188, 147, '1737552645_1 (1).JPG', '2025-01-22 05:30:45'),
(1189, 147, '1737552645_2.JPG', '2025-01-22 05:30:45'),
(1190, 147, '1737552645_3.JPG', '2025-01-22 05:30:45'),
(1191, 147, '1737552645_20241207101943_IMG_3389.JPG', '2025-01-22 05:30:45'),
(1192, 147, '20241207101009_IMG_3354.JPG', '2025-01-22 05:31:03'),
(1193, 147, '20241207101019_IMG_3355.JPG', '2025-01-22 05:31:03'),
(1194, 147, '20241207101033_IMG_3356.JPG', '2025-01-22 05:31:03'),
(1195, 147, '20241207101249_IMG_3365.JPG', '2025-01-22 05:31:19'),
(1196, 147, '20241207101300_IMG_3367.JPG', '2025-01-22 05:31:19'),
(1197, 147, '20241207101311_IMG_3368.JPG', '2025-01-22 05:31:19'),
(1198, 147, '20241207101324_IMG_3369.JPG', '2025-01-22 05:31:19'),
(1199, 147, '20241207101354_IMG_3371 (1).JPG', '2025-01-22 05:31:19'),
(1200, 147, '20241207101415_IMG_3372.JPG', '2025-01-22 05:31:19'),
(1201, 147, '20241207101430_IMG_3373.JPG', '2025-01-22 05:31:19'),
(1202, 148, '1737552966_1 (1).JPG', '2025-01-22 05:36:06'),
(1203, 148, '1737552966_2.JPG', '2025-01-22 05:36:06'),
(1204, 148, '1737552966_3.JPG', '2025-01-22 05:36:06'),
(1205, 148, '1737552966_20241207101943_IMG_3389.JPG', '2025-01-22 05:36:06'),
(1206, 148, '20241207101009_IMG_3354.JPG', '2025-01-22 05:36:22'),
(1207, 148, '20241207101019_IMG_3355.JPG', '2025-01-22 05:36:22'),
(1208, 148, '20241207101033_IMG_3356.JPG', '2025-01-22 05:36:22'),
(1209, 148, '20241207101249_IMG_3365.JPG', '2025-01-22 05:36:39'),
(1210, 148, '20241207101300_IMG_3367.JPG', '2025-01-22 05:36:39'),
(1211, 148, '20241207101311_IMG_3368.JPG', '2025-01-22 05:36:39'),
(1212, 148, '20241207101324_IMG_3369.JPG', '2025-01-22 05:36:39'),
(1213, 148, '20241207101541_IMG_3377.JPG', '2025-01-22 05:37:24'),
(1214, 148, '20241207101545_IMG_3378.JPG', '2025-01-22 05:37:24'),
(1215, 148, '20241207101555_IMG_3379.JPG', '2025-01-22 05:37:24'),
(1216, 148, '20241207101601_IMG_3380.JPG', '2025-01-22 05:37:24'),
(1217, 148, '20241207101632_IMG_3381.JPG', '2025-01-22 05:37:24'),
(1218, 148, '20241207101733_IMG_3385.JPG', '2025-01-22 05:37:24'),
(1219, 148, '20241207101742_IMG_3386.JPG', '2025-01-22 05:37:24'),
(1220, 148, '20241207101749_IMG_3387.JPG', '2025-01-22 05:37:24'),
(1221, 149, '1737553098_1 (1).JPG', '2025-01-22 05:38:18'),
(1222, 149, '1737553098_2.JPG', '2025-01-22 05:38:18'),
(1223, 149, '1737553098_3.JPG', '2025-01-22 05:38:18'),
(1224, 149, '1737553098_20241207101943_IMG_3389.JPG', '2025-01-22 05:38:18'),
(1225, 149, '20241207101009_IMG_3354.JPG', '2025-01-22 05:38:52'),
(1226, 149, '20241207101019_IMG_3355.JPG', '2025-01-22 05:38:52'),
(1228, 149, '20241207101249_IMG_3365.JPG', '2025-01-22 05:39:23'),
(1229, 149, '20241207101300_IMG_3367.JPG', '2025-01-22 05:39:23'),
(1230, 149, '20241207101311_IMG_3368.JPG', '2025-01-22 05:39:23'),
(1231, 149, '20241207101324_IMG_3369.JPG', '2025-01-22 05:39:23'),
(1232, 149, '20241207101541_IMG_3377.JPG', '2025-01-22 05:39:37'),
(1233, 149, '20241207101545_IMG_3378.JPG', '2025-01-22 05:39:37'),
(1234, 149, '20241207101555_IMG_3379.JPG', '2025-01-22 05:39:37'),
(1235, 149, '20241207101601_IMG_3380.JPG', '2025-01-22 05:39:37'),
(1236, 149, '20241207101632_IMG_3381.JPG', '2025-01-22 05:39:37'),
(1237, 149, '20241207101651_IMG_3382.JPG', '2025-01-22 05:39:37'),
(1238, 149, '20241207101656_IMG_3383.JPG', '2025-01-22 05:39:37'),
(1239, 149, '20241207101715_IMG_3384.JPG', '2025-01-22 05:39:37'),
(1249, 151, '1737554890_1 (1).JPG', '2025-01-22 06:08:10'),
(1250, 151, '1737554890_2.JPG', '2025-01-22 06:08:10'),
(1251, 151, '1737554890_3.jpg', '2025-01-22 06:08:10'),
(1252, 151, '1737554890_20241207103611_IMG_3440.JPG', '2025-01-22 06:08:10'),
(1253, 151, '1737554890_20241207103533_IMG_3439.JPG', '2025-01-22 06:08:10'),
(1254, 151, '1737554890_4.JPG', '2025-01-22 06:08:10'),
(1255, 151, '1737554890_20241207103716_IMG_3444.JPG', '2025-01-22 06:08:10'),
(1256, 151, '1737554890_20241207103721_IMG_3445.JPG', '2025-01-22 06:08:10'),
(1257, 151, '1737554890_20241207103728_IMG_3446.JPG', '2025-01-22 06:08:10'),
(1258, 152, '1737554954_1 (1).JPG', '2025-01-22 06:09:14'),
(1259, 152, '1737554954_2.JPG', '2025-01-22 06:09:14'),
(1260, 152, '1737554954_3.jpg', '2025-01-22 06:09:14'),
(1261, 152, '1737554954_20241207103611_IMG_3440.JPG', '2025-01-22 06:09:14'),
(1262, 152, '1737554954_20241207103533_IMG_3439.JPG', '2025-01-22 06:09:14'),
(1263, 152, '1737554954_4.JPG', '2025-01-22 06:09:14'),
(1264, 152, '1737554954_20241207103716_IMG_3444.JPG', '2025-01-22 06:09:14'),
(1265, 152, '1737554954_20241207103721_IMG_3445.JPG', '2025-01-22 06:09:14'),
(1266, 152, '1737554954_20241207103737_IMG_3448.JPG', '2025-01-22 06:09:14'),
(1267, 152, '20241207103745_IMG_3449.JPG', '2025-01-22 06:09:38'),
(1268, 152, '20241207103759_IMG_3450.JPG', '2025-01-22 06:09:38'),
(1269, 152, '20241207103805_IMG_3451.JPG', '2025-01-22 06:09:38'),
(1270, 152, '20241207103817_IMG_3452.JPG', '2025-01-22 06:09:38'),
(1271, 152, '20241207103822_IMG_3453.JPG', '2025-01-22 06:09:38'),
(1272, 153, '1737555026_1 (1).JPG', '2025-01-22 06:10:26'),
(1273, 153, '1737555026_2.JPG', '2025-01-22 06:10:26'),
(1274, 153, '1737555026_3.jpg', '2025-01-22 06:10:26'),
(1275, 153, '1737555026_20241207103611_IMG_3440.JPG', '2025-01-22 06:10:26'),
(1276, 153, '1737555026_20241207103533_IMG_3439.JPG', '2025-01-22 06:10:26'),
(1277, 153, '1737555026_4.JPG', '2025-01-22 06:10:26'),
(1278, 153, '1737555026_20241207103716_IMG_3444.JPG', '2025-01-22 06:10:26'),
(1279, 153, '1737555026_20241207103721_IMG_3445.JPG', '2025-01-22 06:10:26'),
(1280, 153, '20241207103737_IMG_3448.JPG', '2025-01-22 06:10:51'),
(1281, 153, '20241207103745_IMG_3449.JPG', '2025-01-22 06:10:51'),
(1282, 153, '20241207103759_IMG_3450.JPG', '2025-01-22 06:10:51'),
(1283, 153, '20241207103805_IMG_3451.JPG', '2025-01-22 06:10:51'),
(1284, 153, '20241207103817_IMG_3452.JPG', '2025-01-22 06:10:52'),
(1285, 153, '20241207103830_IMG_3454.JPG', '2025-01-22 06:11:40'),
(1286, 153, '20241207103835_IMG_3455.JPG', '2025-01-22 06:11:40'),
(1287, 153, '20241207103846_IMG_3456.JPG', '2025-01-22 06:11:40'),
(1288, 153, '20241207103856_IMG_3457.JPG', '2025-01-22 06:11:40'),
(1289, 153, '20241207103909_IMG_3458.JPG', '2025-01-22 06:11:40'),
(1290, 153, '20241207104001_IMG_3462.JPG', '2025-01-22 06:11:40'),
(1291, 153, '20241207104013_IMG_3464.JPG', '2025-01-22 06:12:03'),
(1330, 155, '1737555548_1 (1).JPG', '2025-01-22 06:19:08'),
(1331, 155, '1737555548_2.JPG', '2025-01-22 06:19:08'),
(1332, 155, '1737555548_3.jpg', '2025-01-22 06:19:08'),
(1333, 155, '1737555548_20241207103611_IMG_3440.JPG', '2025-01-22 06:19:08'),
(1334, 155, '1737555548_20241207103533_IMG_3439.JPG', '2025-01-22 06:19:08'),
(1335, 155, '1737555548_4.JPG', '2025-01-22 06:19:08'),
(1336, 155, '1737555548_20241207103716_IMG_3444.JPG', '2025-01-22 06:19:08'),
(1337, 155, '1737555548_20241207103721_IMG_3445.JPG', '2025-01-22 06:19:08'),
(1338, 155, '1737555548_20241207103728_IMG_3446.JPG', '2025-01-22 06:19:08'),
(1339, 155, '20241207103737_IMG_3448.JPG', '2025-01-22 06:19:25'),
(1340, 155, '20241207103745_IMG_3449.JPG', '2025-01-22 06:19:25'),
(1341, 155, '20241207103759_IMG_3450.JPG', '2025-01-22 06:19:25'),
(1342, 155, '20241207103805_IMG_3451.JPG', '2025-01-22 06:19:25'),
(1343, 155, '20241207103817_IMG_3452.JPG', '2025-01-22 06:19:25'),
(1344, 155, '20241207103830_IMG_3454.JPG', '2025-01-22 06:19:25'),
(1345, 155, '20241207103835_IMG_3455.JPG', '2025-01-22 06:19:25'),
(1346, 155, '20241207103846_IMG_3456.JPG', '2025-01-22 06:19:25'),
(1347, 155, '20241207103856_IMG_3457.JPG', '2025-01-22 06:19:25'),
(1348, 155, '20241207103909_IMG_3458.JPG', '2025-01-22 06:19:42'),
(1349, 155, '20241207103933_IMG_3459.JPG', '2025-01-22 06:19:42'),
(1350, 155, '20241207103942_IMG_3460.JPG', '2025-01-22 06:19:42'),
(1351, 155, '20241207103947_IMG_3461.JPG', '2025-01-22 06:19:42'),
(1352, 156, '1737557008_1 (1).JPG', '2025-01-22 06:43:28'),
(1353, 156, '1737557008_2.JPG', '2025-01-22 06:43:28'),
(1354, 156, '1737557008_3.jpg', '2025-01-22 06:43:28'),
(1355, 156, '1737557008_4.JPG', '2025-01-22 06:43:28'),
(1356, 156, '1737557008_6 (1).JPG', '2025-01-22 06:43:28'),
(1357, 156, '1737557008_20241207124325_IMG_3626.JPG', '2025-01-22 06:43:28'),
(1358, 156, '1737557008_20241207124333_IMG_3627.JPG', '2025-01-22 06:43:28'),
(1359, 156, '1737557008_20241207124340_IMG_3628.JPG', '2025-01-22 06:43:28'),
(1360, 156, '20241207124350_IMG_3629.JPG', '2025-01-22 06:43:52'),
(1361, 156, '20241207124400_IMG_3630.JPG', '2025-01-22 06:43:52'),
(1362, 156, '20241207124407_IMG_3631.JPG', '2025-01-22 06:43:52'),
(1363, 157, '1737557220_1 (1).JPG', '2025-01-22 06:47:00'),
(1364, 157, '1737557220_2.JPG', '2025-01-22 06:47:00'),
(1365, 157, '1737557220_3.jpg', '2025-01-22 06:47:00'),
(1366, 157, '1737557220_4.JPG', '2025-01-22 06:47:00'),
(1367, 157, '1737557220_6 (1).JPG', '2025-01-22 06:47:00'),
(1368, 157, '1737557220_20241207124325_IMG_3626.JPG', '2025-01-22 06:47:00'),
(1369, 157, '1737557220_20241207124333_IMG_3627.JPG', '2025-01-22 06:47:00'),
(1370, 157, '1737557220_20241207124340_IMG_3628.JPG', '2025-01-22 06:47:00'),
(1371, 157, '20241207124410_IMG_3632 (1).JPG', '2025-01-22 06:47:34'),
(1372, 157, '20241207124426_IMG_3633.JPG', '2025-01-22 06:47:34'),
(1373, 157, '20241207124429_IMG_3634.JPG', '2025-01-22 06:47:34'),
(1374, 157, '20241207124433_IMG_3635.JPG', '2025-01-22 06:47:34'),
(1375, 158, '1737557577_1 (1).JPG', '2025-01-22 06:52:57'),
(1376, 158, '1737557577_2.JPG', '2025-01-22 06:52:57'),
(1377, 158, '1737557577_3.jpg', '2025-01-22 06:52:57'),
(1378, 158, '1737557577_4.JPG', '2025-01-22 06:52:57'),
(1380, 158, '1737557577_20241207124325_IMG_3626.JPG', '2025-01-22 06:52:57'),
(1381, 158, '1737557577_20241207124333_IMG_3627.JPG', '2025-01-22 06:52:57'),
(1382, 158, '1737557577_20241207124340_IMG_3628.JPG', '2025-01-22 06:52:57'),
(1383, 158, '6 (1).JPG', '2025-01-22 06:53:41'),
(1384, 158, '20241207124410_IMG_3632 (1).JPG', '2025-01-22 06:53:56'),
(1385, 158, '20241207124426_IMG_3633.JPG', '2025-01-22 06:53:56'),
(1386, 158, '20241207124440_IMG_3636.JPG', '2025-01-22 06:53:56'),
(1387, 158, '20241207124504_IMG_3638.JPG', '2025-01-22 06:53:56'),
(1388, 158, '20241207124510_IMG_3639.JPG', '2025-01-22 06:53:56'),
(1389, 158, '20241207124513_IMG_3640.JPG', '2025-01-22 06:53:56'),
(1390, 159, '1737557684_1 (1).JPG', '2025-01-22 06:54:44'),
(1391, 159, '1737557684_2.JPG', '2025-01-22 06:54:44'),
(1392, 159, '1737557684_3.jpg', '2025-01-22 06:54:44'),
(1393, 159, '1737557684_4.JPG', '2025-01-22 06:54:44'),
(1395, 159, '1737557684_20241207124325_IMG_3626.JPG', '2025-01-22 06:54:44'),
(1396, 159, '1737557684_20241207124333_IMG_3627.JPG', '2025-01-22 06:54:44'),
(1397, 159, '1737557684_20241207124340_IMG_3628.JPG', '2025-01-22 06:54:44'),
(1398, 159, '20241207124350_IMG_3629.JPG', '2025-01-22 06:55:11'),
(1399, 159, '20241207124410_IMG_3632 (1).JPG', '2025-01-22 06:55:11'),
(1400, 159, '20241207124426_IMG_3633.JPG', '2025-01-22 06:55:11'),
(1401, 159, '20241207124440_IMG_3636.JPG', '2025-01-22 06:55:11'),
(1402, 159, '20241207124504_IMG_3638.JPG', '2025-01-22 06:55:11'),
(1403, 159, '20241207124529_IMG_3641.JPG', '2025-01-22 06:55:11'),
(1404, 159, '20241207124548_IMG_3642.JPG', '2025-01-22 06:55:11'),
(1405, 159, '20241207124553_IMG_3643.JPG', '2025-01-22 06:55:11'),
(1406, 159, '20241207124557_IMG_3644.JPG', '2025-01-22 06:55:11'),
(1408, 160, '1737557784_1 (1).JPG', '2025-01-22 06:56:24'),
(1409, 160, '1737557784_2.JPG', '2025-01-22 06:56:24'),
(1410, 160, '1737557784_3.jpg', '2025-01-22 06:56:24'),
(1411, 160, '1737557784_4.JPG', '2025-01-22 06:56:24'),
(1412, 160, '1737557784_20241207124325_IMG_3626.JPG', '2025-01-22 06:56:24'),
(1413, 160, '1737557784_20241207124333_IMG_3627.JPG', '2025-01-22 06:56:24'),
(1414, 160, '1737557784_20241207124340_IMG_3628.JPG', '2025-01-22 06:56:24'),
(1415, 160, '20241207124350_IMG_3629.JPG', '2025-01-22 06:57:05'),
(1416, 160, '20241207124410_IMG_3632 (1).JPG', '2025-01-22 06:57:05'),
(1417, 160, '20241207124426_IMG_3633.JPG', '2025-01-22 06:57:05'),
(1418, 160, '20241207124440_IMG_3636.JPG', '2025-01-22 06:57:05'),
(1419, 160, '20241207124504_IMG_3638.JPG', '2025-01-22 06:57:05'),
(1420, 160, '20241207124529_IMG_3641.JPG', '2025-01-22 06:57:05'),
(1421, 160, '20241207124548_IMG_3642.JPG', '2025-01-22 06:57:05'),
(1422, 160, '20241207124600_IMG_3645.JPG', '2025-01-22 06:57:17'),
(1423, 160, '20241207124610_IMG_3646.JPG', '2025-01-22 06:57:17'),
(1424, 160, '20241207124613_IMG_3647.JPG', '2025-01-22 06:57:17'),
(1425, 160, '20241207124618_IMG_3648.JPG', '2025-01-22 06:57:17'),
(1442, 162, '1737558781_1 (1).JPG', '2025-01-22 07:13:01'),
(1443, 162, '1737558781_2.JPG', '2025-01-22 07:13:01'),
(1444, 162, '1737558781_3.jpg', '2025-01-22 07:13:01'),
(1445, 162, '1737558781_4.JPG', '2025-01-22 07:13:01'),
(1446, 162, '1737558781_20241207124325_IMG_3626.JPG', '2025-01-22 07:13:01'),
(1447, 162, '1737558781_20241207124333_IMG_3627.JPG', '2025-01-22 07:13:01'),
(1448, 162, '1737558781_20241207124340_IMG_3628.JPG', '2025-01-22 07:13:01'),
(1449, 162, '20241207124700_IMG_3649.JPG', '2025-01-22 07:13:33'),
(1450, 162, '20241207124706_IMG_3650.JPG', '2025-01-22 07:13:33'),
(1451, 162, '20241207124718_IMG_3651.JPG', '2025-01-22 07:13:33'),
(1452, 162, '20241207124724_IMG_3652.JPG', '2025-01-22 07:13:33'),
(1453, 162, '20241207124738_IMG_3653.JPG', '2025-01-22 07:13:33'),
(1454, 162, '20241207124742_IMG_3654.JPG', '2025-01-22 07:13:33'),
(1455, 162, '20241207124745_IMG_3655.JPG', '2025-01-22 07:13:33'),
(1456, 163, '1737558983_1 (1).JPG', '2025-01-22 07:16:23'),
(1457, 163, '1737558983_2.JPG', '2025-01-22 07:16:23'),
(1458, 163, '1737558983_3.jpg', '2025-01-22 07:16:23'),
(1459, 163, '1737558983_4.JPG', '2025-01-22 07:16:23'),
(1460, 163, '1737558983_20241207124325_IMG_3626.JPG', '2025-01-22 07:16:23'),
(1461, 163, '1737558983_20241207124333_IMG_3627.JPG', '2025-01-22 07:16:23'),
(1462, 163, '1737558983_20241207124340_IMG_3628.JPG', '2025-01-22 07:16:23'),
(1463, 163, '20241207124700_IMG_3649.JPG', '2025-01-22 07:16:55'),
(1464, 163, '20241207124706_IMG_3650.JPG', '2025-01-22 07:16:55'),
(1465, 163, '20241207124718_IMG_3651.JPG', '2025-01-22 07:16:55'),
(1466, 163, '20241207124724_IMG_3652.JPG', '2025-01-22 07:16:55'),
(1467, 163, '20241207124738_IMG_3653.JPG', '2025-01-22 07:16:55'),
(1468, 163, '20241207124748_IMG_3656.JPG', '2025-01-22 07:16:55'),
(1469, 163, '20241207124752_IMG_3657.JPG', '2025-01-22 07:16:55'),
(1470, 163, '20241207124758_IMG_3658.JPG', '2025-01-22 07:16:55'),
(1471, 163, '20241207124802_IMG_3659.JPG', '2025-01-22 07:16:55'),
(1472, 164, '1737559079_1 (1).JPG', '2025-01-22 07:17:59'),
(1473, 164, '1737559079_2.JPG', '2025-01-22 07:17:59'),
(1474, 164, '1737559079_3.jpg', '2025-01-22 07:17:59'),
(1475, 164, '1737559079_4.JPG', '2025-01-22 07:17:59'),
(1476, 164, '1737559079_20241207124325_IMG_3626.JPG', '2025-01-22 07:17:59'),
(1477, 164, '1737559079_20241207124333_IMG_3627.JPG', '2025-01-22 07:17:59'),
(1478, 164, '1737559079_20241207124340_IMG_3628.JPG', '2025-01-22 07:17:59'),
(1479, 164, '20241207124700_IMG_3649.JPG', '2025-01-22 07:18:25'),
(1480, 164, '20241207124706_IMG_3650.JPG', '2025-01-22 07:18:25'),
(1481, 164, '20241207124718_IMG_3651.JPG', '2025-01-22 07:18:25'),
(1482, 164, '20241207124724_IMG_3652.JPG', '2025-01-22 07:18:25'),
(1483, 164, '20241207124738_IMG_3653.JPG', '2025-01-22 07:18:25'),
(1484, 164, '20241207124748_IMG_3656.JPG', '2025-01-22 07:18:25'),
(1485, 164, '20241207124752_IMG_3657.JPG', '2025-01-22 07:18:25'),
(1486, 164, '20241207124807_IMG_3660 (1).JPG', '2025-01-22 07:18:25'),
(1487, 164, '20241207124812_IMG_3661 (1).JPG', '2025-01-22 07:18:25'),
(1488, 164, '20241207124823_IMG_3662.JPG', '2025-01-22 07:18:25'),
(1489, 164, '20241207124831_IMG_3663.JPG', '2025-01-22 07:18:25'),
(1490, 165, '1737559242_1 (1).JPG', '2025-01-22 07:20:42'),
(1491, 165, '1737559242_2.JPG', '2025-01-22 07:20:42'),
(1492, 165, '1737559242_3.jpg', '2025-01-22 07:20:42'),
(1493, 165, '1737559242_4.JPG', '2025-01-22 07:20:42'),
(1494, 165, '1737559242_20241207124325_IMG_3626.JPG', '2025-01-22 07:20:42'),
(1495, 165, '1737559242_20241207124333_IMG_3627.JPG', '2025-01-22 07:20:42'),
(1496, 165, '1737559242_20241207124340_IMG_3628.JPG', '2025-01-22 07:20:42'),
(1497, 165, '20241207124700_IMG_3649.JPG', '2025-01-22 07:21:23'),
(1498, 165, '20241207124706_IMG_3650.JPG', '2025-01-22 07:21:23'),
(1499, 165, '20241207124718_IMG_3651.JPG', '2025-01-22 07:21:23'),
(1500, 165, '20241207124724_IMG_3652.JPG', '2025-01-22 07:21:23'),
(1501, 165, '20241207124738_IMG_3653.JPG', '2025-01-22 07:21:23'),
(1502, 165, '20241207124748_IMG_3656.JPG', '2025-01-22 07:21:23'),
(1503, 165, '20241207124752_IMG_3657.JPG', '2025-01-22 07:21:23'),
(1504, 165, '20241207124807_IMG_3660 (1).JPG', '2025-01-22 07:21:23'),
(1505, 165, '20241207124812_IMG_3661 (1).JPG', '2025-01-22 07:21:40'),
(1506, 165, '20241207124902_IMG_3666 - Copy.jpg', '2025-01-22 07:21:40'),
(1507, 165, '20241207124909_IMG_3667 (1).JPG', '2025-01-22 07:21:40'),
(1508, 165, '20241207124915_IMG_3668.JPG', '2025-01-22 07:21:40'),
(1509, 165, '20241207124923_IMG_3669.JPG', '2025-01-22 07:21:40'),
(1510, 166, '1737559335_1 (1).JPG', '2025-01-22 07:22:15'),
(1511, 166, '1737559335_2.JPG', '2025-01-22 07:22:15'),
(1512, 166, '1737559335_3.jpg', '2025-01-22 07:22:15'),
(1513, 166, '1737559335_4.JPG', '2025-01-22 07:22:15'),
(1514, 166, '1737559335_20241207124325_IMG_3626.JPG', '2025-01-22 07:22:15'),
(1515, 166, '1737559335_20241207124333_IMG_3627.JPG', '2025-01-22 07:22:15'),
(1516, 166, '1737559335_20241207124340_IMG_3628.JPG', '2025-01-22 07:22:15'),
(1517, 166, '20241207124700_IMG_3649.JPG', '2025-01-22 07:22:32'),
(1518, 166, '20241207124706_IMG_3650.JPG', '2025-01-22 07:22:32'),
(1519, 166, '20241207124718_IMG_3651.JPG', '2025-01-22 07:22:32'),
(1520, 166, '20241207124724_IMG_3652.JPG', '2025-01-22 07:22:32'),
(1521, 166, '20241207124738_IMG_3653.JPG', '2025-01-22 07:22:32'),
(1522, 166, '20241207124748_IMG_3656.JPG', '2025-01-22 07:22:32'),
(1523, 166, '20241207124752_IMG_3657.JPG', '2025-01-22 07:22:32'),
(1524, 166, '20241207124807_IMG_3660 (1).JPG', '2025-01-22 07:22:32'),
(1525, 166, '20241207124812_IMG_3661 (1).JPG', '2025-01-22 07:22:51'),
(1526, 166, '20241207124902_IMG_3666 - Copy.jpg', '2025-01-22 07:22:51'),
(1527, 166, '20241207124909_IMG_3667 (1).JPG', '2025-01-22 07:22:51'),
(1528, 166, '20241207124927_IMG_3670.JPG', '2025-01-22 07:22:51'),
(1529, 166, '20241207124932_IMG_3671.JPG', '2025-01-22 07:22:51'),
(1530, 166, '20241207124936_IMG_3672.JPG', '2025-01-22 07:22:51'),
(1531, 166, '20241207124940_IMG_3673.JPG', '2025-01-22 07:22:51'),
(1532, 167, '1737559701_1 (1).JPG', '2025-01-22 07:28:21'),
(1533, 167, '1737559701_2.JPG', '2025-01-22 07:28:21'),
(1534, 167, '1737559701_3.jpg', '2025-01-22 07:28:21'),
(1535, 167, '1737559701_4.JPG', '2025-01-22 07:28:21'),
(1536, 167, '1737559701_20241207124325_IMG_3626.JPG', '2025-01-22 07:28:21'),
(1537, 167, '1737559701_20241207124333_IMG_3627.JPG', '2025-01-22 07:28:21'),
(1538, 167, '1737559701_20241207124340_IMG_3628.JPG', '2025-01-22 07:28:21'),
(1543, 167, '20241207124700_IMG_3649.JPG', '2025-01-22 07:35:38'),
(1544, 167, '20241207124706_IMG_3650.JPG', '2025-01-22 07:35:38'),
(1545, 167, '20241207124718_IMG_3651.JPG', '2025-01-22 07:35:38'),
(1546, 167, '20241207124724_IMG_3652.JPG', '2025-01-22 07:35:38'),
(1547, 167, '20241207125010_IMG_3674.JPG', '2025-01-22 07:37:01'),
(1548, 167, '20241207125015_IMG_3675.JPG', '2025-01-22 07:37:01'),
(1549, 167, '20241207125024_IMG_3676.JPG', '2025-01-22 07:37:01'),
(1550, 167, '20241207125028_IMG_3677.JPG', '2025-01-22 07:37:01'),
(1551, 167, '20241207125039_IMG_3678.JPG', '2025-01-22 07:37:01'),
(1552, 167, '20241207125046_IMG_3679.JPG', '2025-01-22 07:37:01'),
(1554, 168, '1737560342_1 (1).JPG', '2025-01-22 07:39:02'),
(1555, 168, '1737560342_2.JPG', '2025-01-22 07:39:02'),
(1556, 168, '1737560342_3.jpg', '2025-01-22 07:39:02'),
(1557, 168, '1737560342_4.JPG', '2025-01-22 07:39:02'),
(1558, 168, '1737560342_20241207124325_IMG_3626.JPG', '2025-01-22 07:39:02'),
(1559, 168, '1737560342_20241207124333_IMG_3627.JPG', '2025-01-22 07:39:02'),
(1560, 168, '1737560342_20241207124340_IMG_3628.JPG', '2025-01-22 07:39:02'),
(1561, 168, '20241207124700_IMG_3649.JPG', '2025-01-22 07:39:17'),
(1562, 168, '20241207124706_IMG_3650.JPG', '2025-01-22 07:39:17'),
(1563, 168, '20241207124718_IMG_3651.JPG', '2025-01-22 07:39:17'),
(1564, 168, '20241207124724_IMG_3652.JPG', '2025-01-22 07:39:17'),
(1565, 168, '20241207125010_IMG_3674.JPG', '2025-01-22 07:39:33'),
(1566, 168, '20241207125015_IMG_3675.JPG', '2025-01-22 07:39:33'),
(1567, 168, '20241207125024_IMG_3676.JPG', '2025-01-22 07:39:33'),
(1568, 168, '20241207125028_IMG_3677.JPG', '2025-01-22 07:39:33'),
(1569, 168, '20241207125039_IMG_3678.JPG', '2025-01-22 07:39:33'),
(1570, 168, '20241207125058_IMG_3681.JPG', '2025-01-22 07:39:33'),
(1571, 168, '20241207125104_IMG_3682.JPG', '2025-01-22 07:39:33'),
(1572, 168, '20241207125108_IMG_3683.JPG', '2025-01-22 07:39:33'),
(1573, 169, '1737560426_1 (1).JPG', '2025-01-22 07:40:26'),
(1574, 169, '1737560426_2.JPG', '2025-01-22 07:40:26'),
(1575, 169, '1737560426_3.jpg', '2025-01-22 07:40:26'),
(1576, 169, '1737560426_4.JPG', '2025-01-22 07:40:26'),
(1577, 169, '1737560426_20241207124325_IMG_3626.JPG', '2025-01-22 07:40:26'),
(1578, 169, '1737560426_20241207124333_IMG_3627.JPG', '2025-01-22 07:40:26'),
(1579, 169, '1737560426_20241207124340_IMG_3628.JPG', '2025-01-22 07:40:26'),
(1580, 169, '20241207124700_IMG_3649.JPG', '2025-01-22 07:40:46'),
(1581, 169, '20241207124706_IMG_3650.JPG', '2025-01-22 07:40:46'),
(1582, 169, '20241207124718_IMG_3651.JPG', '2025-01-22 07:40:46'),
(1583, 169, '20241207124724_IMG_3652.JPG', '2025-01-22 07:40:46'),
(1584, 169, '20241207125010_IMG_3674.JPG', '2025-01-22 07:41:10'),
(1585, 169, '20241207125015_IMG_3675.JPG', '2025-01-22 07:41:10'),
(1586, 169, '20241207125024_IMG_3676.JPG', '2025-01-22 07:41:10'),
(1587, 169, '20241207125028_IMG_3677.JPG', '2025-01-22 07:41:10'),
(1588, 169, '20241207125039_IMG_3678.JPG', '2025-01-22 07:41:10'),
(1589, 169, '20241207125058_IMG_3681.JPG', '2025-01-22 07:41:10'),
(1590, 169, '20241207125111_IMG_3684.JPG', '2025-01-22 07:41:25'),
(1591, 169, '20241207125115_IMG_3685.JPG', '2025-01-22 07:41:25'),
(1592, 169, '20241207125119_IMG_3686.JPG', '2025-01-22 07:41:25'),
(1593, 169, '20241207125124_IMG_3687.JPG', '2025-01-22 07:41:25'),
(1594, 170, '1737560529_1 (1).JPG', '2025-01-22 07:42:09'),
(1595, 170, '1737560529_2.JPG', '2025-01-22 07:42:09'),
(1596, 170, '1737560529_3.jpg', '2025-01-22 07:42:09'),
(1597, 170, '1737560529_4.JPG', '2025-01-22 07:42:09'),
(1598, 170, '1737560529_20241207124325_IMG_3626.JPG', '2025-01-22 07:42:09'),
(1599, 170, '1737560529_20241207124333_IMG_3627.JPG', '2025-01-22 07:42:09'),
(1600, 170, '1737560529_20241207124340_IMG_3628.JPG', '2025-01-22 07:42:09'),
(1601, 170, '20241207124700_IMG_3649.JPG', '2025-01-22 07:42:24'),
(1602, 170, '20241207124706_IMG_3650.JPG', '2025-01-22 07:42:24'),
(1603, 170, '20241207124718_IMG_3651.JPG', '2025-01-22 07:42:24'),
(1604, 170, '20241207124724_IMG_3652.JPG', '2025-01-22 07:42:24'),
(1605, 170, '20241207125010_IMG_3674.JPG', '2025-01-22 07:42:34'),
(1606, 170, '20241207125015_IMG_3675.JPG', '2025-01-22 07:42:34'),
(1607, 170, '20241207125024_IMG_3676.JPG', '2025-01-22 07:42:34'),
(1608, 170, '20241207125028_IMG_3677.JPG', '2025-01-22 07:42:34'),
(1609, 170, '20241207125039_IMG_3678.JPG', '2025-01-22 07:43:04'),
(1610, 170, '20241207125058_IMG_3681.JPG', '2025-01-22 07:43:04'),
(1611, 170, '20241207125115_IMG_3685.JPG', '2025-01-22 07:43:04'),
(1612, 170, '20241207125128_IMG_3688.JPG', '2025-01-22 07:43:04'),
(1613, 170, '20241207125157_IMG_3689.JPG', '2025-01-22 07:43:04'),
(1614, 170, '20241207125201_IMG_3690.JPG', '2025-01-22 07:43:04'),
(1615, 170, '20241207125206_IMG_3691.JPG', '2025-01-22 07:43:04'),
(1616, 171, '1737560683_1 (1).JPG', '2025-01-22 07:44:43'),
(1617, 171, '1737560683_2.JPG', '2025-01-22 07:44:43'),
(1618, 171, '1737560683_3.jpg', '2025-01-22 07:44:43'),
(1619, 171, '1737560683_4.JPG', '2025-01-22 07:44:43'),
(1620, 171, '1737560683_20241207124325_IMG_3626.JPG', '2025-01-22 07:44:43'),
(1621, 171, '1737560683_20241207124333_IMG_3627.JPG', '2025-01-22 07:44:43'),
(1622, 171, '1737560683_20241207124340_IMG_3628.JPG', '2025-01-22 07:44:43'),
(1623, 171, '20241207124700_IMG_3649.JPG', '2025-01-22 07:45:00'),
(1624, 171, '20241207124706_IMG_3650.JPG', '2025-01-22 07:45:00'),
(1625, 171, '20241207124718_IMG_3651.JPG', '2025-01-22 07:45:00'),
(1626, 171, '20241207124724_IMG_3652.JPG', '2025-01-22 07:45:00'),
(1627, 171, '20241207125010_IMG_3674.JPG', '2025-01-22 07:45:23'),
(1628, 171, '20241207125015_IMG_3675.JPG', '2025-01-22 07:45:23'),
(1629, 171, '20241207125024_IMG_3676.JPG', '2025-01-22 07:45:23'),
(1630, 171, '20241207125028_IMG_3677.JPG', '2025-01-22 07:45:23'),
(1631, 171, '20241207125039_IMG_3678.JPG', '2025-01-22 07:45:23'),
(1632, 171, '20241207125058_IMG_3681.JPG', '2025-01-22 07:45:23'),
(1633, 171, '20241207125111_IMG_3684.JPG', '2025-01-22 07:45:23'),
(1634, 171, '20241207125128_IMG_3688.JPG', '2025-01-22 07:45:23'),
(1635, 171, '20241207125212_IMG_3692.JPG', '2025-01-22 07:45:40'),
(1636, 171, '20241207125226_IMG_3693.JPG', '2025-01-22 07:45:40'),
(1637, 171, '20241207125230_IMG_3694.JPG', '2025-01-22 07:45:40'),
(1638, 171, '20241207125249_IMG_3695.JPG', '2025-01-22 07:45:40'),
(1645, 173, '1737561380_20241207093625_IMG_3283 (1).JPG', '2025-01-22 07:56:20'),
(1646, 173, '1737561380_20241207102048_IMG_3390.JPG', '2025-01-22 07:56:20'),
(1647, 173, '1737561380_20241207102106_IMG_3391.JPG', '2025-01-22 07:56:20'),
(1648, 173, '1737561380_20241207102136_IMG_3392.JPG', '2025-01-22 07:56:20'),
(1649, 173, '1737561380_20241207102220_IMG_3395.JPG', '2025-01-22 07:56:20'),
(1650, 173, '1737561380_20241207102306_IMG_3398.JPG', '2025-01-22 07:56:20'),
(1651, 173, '1737561380_20241207102314_IMG_3399.JPG', '2025-01-22 07:56:20'),
(1652, 173, '1737561380_20241207102336_IMG_3401.JPG', '2025-01-22 07:56:20'),
(1653, 174, '1737561424_20241207093625_IMG_3283 (1).JPG', '2025-01-22 07:57:04'),
(1654, 174, '1737561424_20241207102048_IMG_3390.JPG', '2025-01-22 07:57:04'),
(1655, 174, '1737561424_20241207102106_IMG_3391.JPG', '2025-01-22 07:57:04'),
(1656, 174, '1737561424_20241207102136_IMG_3392.JPG', '2025-01-22 07:57:04'),
(1657, 174, '1737561424_20241207102220_IMG_3395.JPG', '2025-01-22 07:57:04'),
(1658, 174, '1737561424_20241207102232_IMG_3396.JPG', '2025-01-22 07:57:04'),
(1659, 174, '1737561424_20241207102240_IMG_3397.JPG', '2025-01-22 07:57:04'),
(1660, 175, '1737561466_20241207093625_IMG_3283 (1).JPG', '2025-01-22 07:57:46'),
(1661, 175, '1737561466_20241207102048_IMG_3390.JPG', '2025-01-22 07:57:46'),
(1662, 175, '1737561466_20241207102106_IMG_3391.JPG', '2025-01-22 07:57:46'),
(1663, 175, '1737561466_20241207102136_IMG_3392.JPG', '2025-01-22 07:57:46'),
(1664, 175, '1737561466_20241207102152_IMG_3393.JPG', '2025-01-22 07:57:46'),
(1665, 175, '1737561466_20241207102204_IMG_3394.JPG', '2025-01-22 07:57:46'),
(1666, 176, '1737561529_20241207093625_IMG_3283 (1).JPG', '2025-01-22 07:58:49'),
(1667, 176, '1737561529_20241207102048_IMG_3390.JPG', '2025-01-22 07:58:49'),
(1668, 176, '1737561529_20241207102106_IMG_3391.JPG', '2025-01-22 07:58:49'),
(1669, 176, '1737561529_20241207102420_IMG_3402.JPG', '2025-01-22 07:58:49'),
(1670, 176, '1737561529_20241207102431_IMG_3403.JPG', '2025-01-22 07:58:49'),
(1671, 176, '1737561529_20241207102451_IMG_3404.JPG', '2025-01-22 07:58:49'),
(1672, 176, '1737561529_20241207102458_IMG_3405.JPG', '2025-01-22 07:58:49'),
(1673, 176, '1737561529_20241207102505_IMG_3406.JPG', '2025-01-22 07:58:49'),
(1674, 177, '1737561588_20241207093625_IMG_3283 (1).JPG', '2025-01-22 07:59:48'),
(1675, 177, '1737561588_20241207102048_IMG_3390.JPG', '2025-01-22 07:59:48'),
(1676, 177, '1737561588_20241207102106_IMG_3391.JPG', '2025-01-22 07:59:48'),
(1677, 177, '1737561588_20241207102420_IMG_3402.JPG', '2025-01-22 07:59:48'),
(1678, 177, '1737561588_20241207102431_IMG_3403.JPG', '2025-01-22 07:59:48'),
(1679, 177, '1737561588_20241207102451_IMG_3404.JPG', '2025-01-22 07:59:48'),
(1680, 177, '1737561588_20241207102512_IMG_3407.JPG', '2025-01-22 07:59:48'),
(1681, 177, '20241207102517_IMG_3408.JPG', '2025-01-22 08:00:02'),
(1682, 177, '20241207102524_IMG_3409.JPG', '2025-01-22 08:00:02'),
(1683, 178, '1737562187_1 (1).JPG', '2025-01-22 08:09:47'),
(1684, 178, '1737562187_2.JPG', '2025-01-22 08:09:47'),
(1685, 178, '1737562187_3.JPG', '2025-01-22 08:09:47'),
(1686, 178, '1737562187_4.JPG', '2025-01-22 08:09:47'),
(1687, 178, '1737562187_20241207102731_IMG_3412.JPG', '2025-01-22 08:09:47'),
(1688, 178, '1737562187_20241207102746_IMG_3413.JPG', '2025-01-22 08:09:47'),
(1689, 178, '1737562187_20241207102751_IMG_3414.JPG', '2025-01-22 08:09:47'),
(1691, 178, '20241207102816_IMG_3417.JPG', '2025-01-22 08:10:11'),
(1692, 178, '20241207102809_IMG_3416.JPG', '2025-01-22 08:10:32'),
(1693, 179, '1737562291_1 (1).JPG', '2025-01-22 08:11:31'),
(1694, 179, '1737562291_2.JPG', '2025-01-22 08:11:31'),
(1695, 179, '1737562291_3.JPG', '2025-01-22 08:11:31'),
(1696, 179, '1737562291_4.JPG', '2025-01-22 08:11:31'),
(1697, 179, '1737562291_20241207102848_IMG_3418.JPG', '2025-01-22 08:11:31'),
(1698, 179, '1737562291_20241207102923_IMG_3420.JPG', '2025-01-22 08:11:31'),
(1699, 179, '1737562291_20241207103408_IMG_3435.JPG', '2025-01-22 08:11:31'),
(1700, 179, '1737562291_20241207103412_IMG_3436.JPG', '2025-01-22 08:11:31'),
(1702, 180, '1737562373_1 (1).JPG', '2025-01-22 08:12:53'),
(1703, 180, '1737562373_2.JPG', '2025-01-22 08:12:53'),
(1704, 180, '1737562373_3.JPG', '2025-01-22 08:12:53'),
(1705, 180, '1737562373_4.JPG', '2025-01-22 08:12:53'),
(1706, 180, '1737562373_20241207102848_IMG_3418.JPG', '2025-01-22 08:12:53'),
(1707, 180, '1737562373_20241207102923_IMG_3420.JPG', '2025-01-22 08:12:53'),
(1708, 180, '1737562373_20241207103001_IMG_3421.JPG', '2025-01-22 08:12:53'),
(1709, 180, '20241207103010_IMG_3422.JPG', '2025-01-22 08:13:09'),
(1710, 180, '20241207103018_IMG_3423.JPG', '2025-01-22 08:13:09'),
(1711, 180, '20241207103027_IMG_3424.JPG', '2025-01-22 08:13:09'),
(1712, 180, '20241207103040_IMG_3425.JPG', '2025-01-22 08:13:09'),
(1713, 181, '1737562540_20241207093625_IMG_3283 (1).JPG', '2025-01-22 08:15:40'),
(1714, 181, '20241207102644_IMG_3410 (1).JPG', '2025-01-22 08:16:01'),
(1715, 181, '20241207102709_IMG_3411 (1).JPG', '2025-01-22 08:16:01'),
(1716, 181, '20241207103059_IMG_3426.JPG', '2025-01-22 08:16:01'),
(1717, 181, '20241207103133_IMG_3430.JPG', '2025-01-22 08:16:01'),
(1718, 181, '20241207103147_IMG_3432.JPG', '2025-01-22 08:16:01'),
(1719, 181, '20241207103157_IMG_3433.JPG', '2025-01-22 08:16:01'),
(1720, 181, '20241207103233_IMG_3434.JPG', '2025-01-22 08:16:01');

-- --------------------------------------------------------

--
-- Table structure for table `users`
--

CREATE TABLE `users` (
  `user_id` int(11) NOT NULL,
  `name` varchar(100) NOT NULL,
  `username` varchar(50) NOT NULL,
  `password` varchar(255) NOT NULL,
  `type` enum('Superadmin','admin') NOT NULL,
  `isActive` tinyint(1) DEFAULT 1,
  `date_created` timestamp NOT NULL DEFAULT current_timestamp(),
  `date_modified` timestamp NOT NULL DEFAULT current_timestamp() ON UPDATE current_timestamp(),
  `profile_pic` varchar(255) DEFAULT NULL,
  `user_status` varchar(20) NOT NULL
) ENGINE=InnoDB DEFAULT CHARSET=utf8mb4 COLLATE=utf8mb4_general_ci;

--
-- Dumping data for table `users`
--

INSERT INTO `users` (`user_id`, `name`, `username`, `password`, `type`, `isActive`, `date_created`, `date_modified`, `profile_pic`, `user_status`) VALUES
(1, 'SUPERMAN', 'superadmin', '5f4dcc3b5aa765d61d8327deb882cf99', 'Superadmin', 1, '2024-09-27 01:43:56', '2025-01-15 11:19:59', 'porofile.png', 'old'),
(2, 'First', 'firstadmin2', 'c155b6b2fe772866ba88875bc65725ab', 'admin', 1, '2024-09-27 02:19:26', '2025-02-03 07:43:22', 'male icon.png', 'old'),
(5, 'second', 'Secondadmin', 'c4836ba7f3b46729d6c54fb578c0e716', 'admin', 1, '2024-09-28 02:30:52', '2025-01-25 14:38:03', '673c3a53edbd2-iconer (1).png', 'new'),
(6, 'superadmin', 'superadmin2', '5f4dcc3b5aa765d61d8327deb882cf99', 'Superadmin', 1, '2024-10-04 08:51:52', '2025-01-15 01:25:18', NULL, 'new'),
(9, 'deleter', 'dleter', 'b7a468ddd6b0d13e7c29a070cce94322', 'admin', 1, '2025-01-22 10:22:50', '2025-01-22 10:22:50', NULL, 'new');

--
-- Indexes for dumped tables
--

--
-- Indexes for table `about_sections`
--
ALTER TABLE `about_sections`
  ADD PRIMARY KEY (`about_id`);

--
-- Indexes for table `core_values`
--
ALTER TABLE `core_values`
  ADD PRIMARY KEY (`core_id`),
  ADD KEY `section_id` (`about_id`);

--
-- Indexes for table `employee_schedule`
--
ALTER TABLE `employee_schedule`
  ADD PRIMARY KEY (`employee_id`);

--
-- Indexes for table `feedback`
--
ALTER TABLE `feedback`
  ADD PRIMARY KEY (`id`);

--
-- Indexes for table `navita`
--
ALTER TABLE `navita`
  ADD PRIMARY KEY (`navita_id`);

--
-- Indexes for table `real_time_schedule`
--
ALTER TABLE `real_time_schedule`
  ADD PRIMARY KEY (`real_time_schedule_id`),
  ADD KEY `room_id` (`room_id`),
  ADD KEY `fk_employee_schedule` (`employee_id`);

--
-- Indexes for table `room`
--
ALTER TABLE `room`
  ADD PRIMARY KEY (`room_id`);

--
-- Indexes for table `room_images`
--
ALTER TABLE `room_images`
  ADD PRIMARY KEY (`image_id`),
  ADD KEY `room_id` (`room_id`);

--
-- Indexes for table `users`
--
ALTER TABLE `users`
  ADD PRIMARY KEY (`user_id`);

--
-- AUTO_INCREMENT for dumped tables
--

--
-- AUTO_INCREMENT for table `employee_schedule`
--
ALTER TABLE `employee_schedule`
  MODIFY `employee_id` int(11) NOT NULL AUTO_INCREMENT, AUTO_INCREMENT=82;

--
-- AUTO_INCREMENT for table `feedback`
--
ALTER TABLE `feedback`
  MODIFY `id` int(11) NOT NULL AUTO_INCREMENT, AUTO_INCREMENT=30;

--
-- AUTO_INCREMENT for table `navita`
--
ALTER TABLE `navita`
  MODIFY `navita_id` int(11) NOT NULL AUTO_INCREMENT, AUTO_INCREMENT=48;

--
-- AUTO_INCREMENT for table `real_time_schedule`
--
ALTER TABLE `real_time_schedule`
  MODIFY `real_time_schedule_id` int(11) NOT NULL AUTO_INCREMENT, AUTO_INCREMENT=1113;

--
-- AUTO_INCREMENT for table `room`
--
ALTER TABLE `room`
  MODIFY `room_id` int(11) NOT NULL AUTO_INCREMENT, AUTO_INCREMENT=182;

--
-- AUTO_INCREMENT for table `room_images`
--
ALTER TABLE `room_images`
  MODIFY `image_id` int(11) NOT NULL AUTO_INCREMENT, AUTO_INCREMENT=1721;

--
-- AUTO_INCREMENT for table `users`
--
ALTER TABLE `users`
  MODIFY `user_id` int(11) NOT NULL AUTO_INCREMENT, AUTO_INCREMENT=10;

--
-- Constraints for dumped tables
--

--
-- Constraints for table `core_values`
--
ALTER TABLE `core_values`
  ADD CONSTRAINT `core_values_ibfk_1` FOREIGN KEY (`about_id`) REFERENCES `about_sections` (`about_id`) ON DELETE CASCADE;

--
-- Constraints for table `real_time_schedule`
--
ALTER TABLE `real_time_schedule`
  ADD CONSTRAINT `fk_employee_schedule` FOREIGN KEY (`employee_id`) REFERENCES `employee_schedule` (`employee_id`) ON DELETE CASCADE ON UPDATE CASCADE,
  ADD CONSTRAINT `real_time_schedule_ibfk_1` FOREIGN KEY (`room_id`) REFERENCES `room` (`room_id`) ON DELETE CASCADE ON UPDATE CASCADE;

--
-- Constraints for table `room_images`
--
ALTER TABLE `room_images`
  ADD CONSTRAINT `room_images_ibfk_1` FOREIGN KEY (`room_id`) REFERENCES `room` (`room_id`) ON DELETE CASCADE;
COMMIT;

/*!40101 SET CHARACTER_SET_CLIENT=@OLD_CHARACTER_SET_CLIENT */;
/*!40101 SET CHARACTER_SET_RESULTS=@OLD_CHARACTER_SET_RESULTS */;
/*!40101 SET COLLATION_CONNECTION=@OLD_COLLATION_CONNECTION */;
